{"type": "FeatureCollection", "features": [{"type": "Feature", "properties": {"name": "Hassan District", "district": "Hassan", "state": "Karnataka"}, "geometry": {"type": "Polygon", "coordinates": [[[76.37235262107669, 13.545602322389298], [76.3746253023159, 13.54314383851738], [76.37658845489335, 13.541544009348625], [76.38031145660847, 13.539184906857997], [76.3846671772485, 13.53629696972939], [76.38771947447424, 13.534247587456262], [76.39093977045411, 13.534877661474917], [76.39564665746735, 13.536034343410279], [76.39620538646949, 13.53394635953691], [76.3969811524583, 13.531302477727195], [76.39777073832897, 13.528455218733429], [76.39895770403484, 13.527474422606588], [76.40054187420816, 13.526421278719111], [76.4049251428811, 13.526113540607467], [76.41033377808145, 13.525751367431726], [76.4141581738607, 13.525646908478107], [76.41692947431585, 13.525583229282631], [76.42088784389892, 13.525663942536994], [76.42440740637676, 13.52564524653093], [76.42728034011566, 13.525680861482613], [76.42615317482921, 13.524885669238298], [76.42458258711673, 13.523982089801676], [76.42160761270122, 13.521582833481032], [76.41987988374967, 13.519897400544663], [76.41888195283991, 13.518315784445914], [76.41826988234925, 13.517127583970874], [76.41766682306547, 13.515956866316401], [76.41685820304372, 13.513869042522344], [76.41615581903585, 13.51175408348422], [76.41521781265197, 13.509092313259714], [76.41229879765143, 13.508414816190852], [76.41012800420407, 13.507791424134949], [76.40867747238752, 13.505418931638417], [76.40565705972557, 13.505929963297206], [76.40383741916162, 13.506255547555494], [76.40101089763488, 13.506138311933624], [76.39765325269553, 13.506003006233811], [76.39737604027209, 13.504823470726649], [76.39655387915826, 13.503928695652801], [76.39633668568956, 13.50240568117732], [76.39612869947996, 13.501228425451528], [76.39532944409865, 13.497027462847198], [76.39526477385027, 13.496846692820666], [76.39506609832182, 13.495725900130251], [76.39526000114819, 13.49490336130111], [76.39598956986282, 13.493502304787564], [76.3967976916602, 13.492697799164148], [76.39745342153822, 13.49205599978461], [76.39875568752501, 13.491328280076116], [76.40032581748255, 13.490776785220532], [76.4004366535288, 13.490776775327959], [76.4022561906707, 13.490528045333061], [76.40524417018236, 13.490694964001419], [76.40712666796139, 13.485762270712257], [76.40819877495358, 13.48295293792779], [76.40840656151369, 13.482772139122972], [76.40876626155381, 13.482553468068149], [76.41275634123225, 13.480127748296981], [76.41517596180125, 13.47888909945243], [76.41255742288683, 13.477836450192056], [76.4117953868477, 13.477316822813174], [76.41133341950177, 13.476119246006418], [76.41107908762984, 13.473728525151389], [76.4109127607154, 13.473145545930267], [76.41043234647567, 13.47203383998976], [76.40984093161376, 13.469647678697472], [76.40864897287184, 13.465404119704433], [76.40701364836121, 13.460243168587395], [76.4070550792286, 13.459244379724392], [76.40736435697954, 13.458476048430953], [76.4091279652834, 13.456283938353126], [76.41297855291793, 13.453504017896131], [76.41970067224827, 13.448454853408803], [76.41332289973207, 13.440759283614112], [76.40973471178756, 13.436407573051095], [76.40967929736172, 13.436344308443154], [76.40946687389714, 13.436086728220006], [76.40930062882103, 13.435883375317587], [76.40883422242149, 13.435318507543116], [76.40862180075555, 13.435060927319967], [76.40816925290876, 13.43453221139248], [76.40756882234331, 13.432941451886563], [76.4074302853794, 13.432742615379427], [76.40630351669398, 13.431115757086557], [76.40442420970959, 13.42963811250894], [76.40429950521803, 13.42924041791099], [76.40446538516943, 13.426415775967312], [76.40200431754528, 13.424224106557343], [76.40133987773322, 13.423568708529103], [76.4006191034889, 13.422814177332441], [76.4003789692141, 13.422253791779099], [76.40002336828388, 13.421218879847459], [76.3989795323796, 13.416676964470353], [76.39742311348597, 13.410191737358845], [76.3970373376031, 13.408948126055238], [76.39622249067548, 13.406616973594511], [76.39684100390929, 13.405356015267953], [76.39694915278125, 13.402286570668762], [76.39478161487966, 13.400023251371977], [76.39226551234356, 13.397912834809519], [76.39022036947455, 13.396597786758488], [76.38944940946271, 13.396145879228982], [76.39149415123416, 13.391237702358127], [76.39220485936681, 13.38824581439286], [76.39225095052103, 13.387183749230699], [76.39227400464165, 13.38675892298596], [76.39229705606436, 13.386334097640542], [76.39231088673807, 13.386058411366662], [76.39238910077643, 13.382144593298388], [76.39226890458633, 13.379478143001961], [76.39064395465483, 13.377801520723665], [76.38951756997994, 13.37642766870198], [76.38821577343924, 13.374696784029426], [76.38688167325068, 13.372726362231898], [76.38598558516668, 13.371300241612913], [76.38576454889488, 13.370914108699196], [76.38446751336511, 13.371795428116569], [76.38353973137357, 13.37230614231464], [76.38293505420944, 13.372568279402628], [76.38268117379721, 13.372401064857282], [76.38209953996187, 13.371235062348319], [76.38194258038584, 13.370394452541971], [76.38197023993467, 13.368934679292066], [76.38286568680206, 13.367922316062105], [76.38342418827574, 13.367438727215527], [76.38239942969, 13.365621936603134], [76.38143469815287, 13.364193811395351], [76.38016997796217, 13.364139588571216], [76.37742821753824, 13.36426613397498], [76.37435411804819, 13.36445139521578], [76.371518095184, 13.364410648732527], [76.36980297742554, 13.36426597839221], [76.36693197992703, 13.364098641539101], [76.36239291360215, 13.363631926672157], [76.36218238950573, 13.363610278191855], [76.35972683472568, 13.363257590165686], [76.3574051593207, 13.362692476876362], [76.35518964708461, 13.362231299135201], [76.3526002857746, 13.361598326601552], [76.34717699432287, 13.36018312914814], [76.3470154643922, 13.360024927608377], [76.34659565636451, 13.358217105035408], [76.34641127016403, 13.35627372944913], [76.3462363565227, 13.352377962572973], [76.34628748747764, 13.349449379685154], [76.34683443356232, 13.345283125515891], [76.34704520317365, 13.34297313410292], [76.34768486216672, 13.339745693908696], [76.34775638884634, 13.339384793273668], [76.34855053248117, 13.336623516662028], [76.34978303266087, 13.334495008437953], [76.35027873627473, 13.333876561753982], [76.35079389222443, 13.33323871939143], [76.35199263904912, 13.331944908830508], [76.35213705757923, 13.331729371913015], [76.35226177915787, 13.330572411187859], [76.35174373368642, 13.327869791957365], [76.3507718561363, 13.323277881469092], [76.35013059185339, 13.321230504684081], [76.34957958802761, 13.319225727885055], [76.34888963354979, 13.317117672042967], [76.3487790160388, 13.3158793325652], [76.34860408261238, 13.31206942396477], [76.34829992110451, 13.308467392756029], [76.34785733954465, 13.30476591631401], [76.34764065779018, 13.303007825350905], [76.34761317360915, 13.301272355934543], [76.34805643145923, 13.299017206978592], [76.34935810479278, 13.295591620057282], [76.34983812692809, 13.294502487999464], [76.35061803879154, 13.293820139987531], [76.35213629495412, 13.292703998590696], [76.35287004551623, 13.292071352510957], [76.3542406428914, 13.29071565420412], [76.3552697191223, 13.28988869160986], [76.35589277752973, 13.288419927837426], [76.35696338804996, 13.287317275372004], [76.35697996255529, 13.286557727756986], [76.35699117440322, 13.286047312133805], [76.35655783427671, 13.28104424239791], [76.35648884098725, 13.278328046102502], [76.35653961401204, 13.27809303886272], [76.3570610787059, 13.277225348670981], [76.35726413303337, 13.27680505680797], [76.3573219045823, 13.27563307560598], [76.35676602193445, 13.27413853546511], [76.35631671434493, 13.272198362364575], [76.35609722130977, 13.27125054527647], [76.35588057642752, 13.26869251364866], [76.35554848377558, 13.267363763526928], [76.35545165556948, 13.266604486607832], [76.35553480148997, 13.265488186930327], [76.35524958240234, 13.26432592739968], [76.357200685863, 13.261994792925405], [76.35855723582785, 13.260819845759329], [76.35867259276603, 13.260666192990472], [76.35809599693278, 13.258917115932206], [76.35717352993453, 13.255229159897853], [76.35666162593333, 13.252508399543045], [76.35648219229938, 13.251247981709012], [76.35623277792041, 13.249674794056546], [76.35620954393534, 13.249180746993943], [76.35638466891737, 13.24914525794736], [76.3565502422, 13.249111704241782], [76.3572315119248, 13.249079656001355], [76.35789279961307, 13.249048545753851], [76.36015897605597, 13.249394903452073], [76.36015901652547, 13.24939490345207], [76.36197263253104, 13.249090373222197], [76.36220750577183, 13.248170246259917], [76.36246131963424, 13.246475480159347], [76.36257668736431, 13.245897007440988], [76.36257669096159, 13.245896969669447], [76.36326416151189, 13.24485305642344], [76.36378090206705, 13.244044135128775], [76.36378091915418, 13.244044103652527], [76.36400699252874, 13.243646391967443], [76.36402086636997, 13.242954918534735], [76.36399323110277, 13.242145925294261], [76.36404865452187, 13.241264685017253], [76.364104016787, 13.240740424331197], [76.36410401948496, 13.240740390156928], [76.36413172489927, 13.240229694844574], [76.36449632174788, 13.23685364797751], [76.36455176854935, 13.235683131771165], [76.36455176944867, 13.235683095798267], [76.36452412518827, 13.234860597438683], [76.36456569185329, 13.234526180039209], [76.3645444804435, 13.234040405840116], [76.36690466122121, 13.23355659216304], [76.36886229465921, 13.233287818078395], [76.37158833673243, 13.232875670475838], [76.37269536619823, 13.232816117369962], [76.3742536224068, 13.232732275374246], [76.37570512639053, 13.232467087785949], [76.3765787125376, 13.23230747700853], [76.37747434466536, 13.23214280574592], [76.37815184173417, 13.232018245145923], [76.37989563977203, 13.231593407210026], [76.37989564516795, 13.231593342458837], [76.3798956226849, 13.231593373935082], [76.37995288072091, 13.230917693496792], [76.37999250844757, 13.230449983979607], [76.38003400316677, 13.229753982460352], [76.37995094627922, 13.228077258558699], [76.37979404156182, 13.22605251681023], [76.37947112469271, 13.224289928337553], [76.37935578843894, 13.223715970215892], [76.37937424252732, 13.22352163661429], [76.38000621771283, 13.222821120498338], [76.38000760806472, 13.222819002594916], [76.3800892620099, 13.222694565202062], [76.3800477358144, 13.22259965435063], [76.37959564482321, 13.221844910014623], [76.3791280576138, 13.221002947627992], [76.37876984685101, 13.22035798713142], [76.37822091866053, 13.219241691950572], [76.3774228332972, 13.217677971461285], [76.37679084192388, 13.21635374223149], [76.37657869994712, 13.216064502275001], [76.37640800862278, 13.215861116097697], [76.37550847973262, 13.2152554892495], [76.37451207407304, 13.214704102312512], [76.37394007557407, 13.214460076671232], [76.37318847616729, 13.214055168611198], [76.37268998285646, 13.213786618457732], [76.37210712234588, 13.213536644700469], [76.37124616268034, 13.213167407350001], [76.37086384379143, 13.212981415859698], [76.37058652434865, 13.212846513056206], [76.37051759131384, 13.21281126502788], [76.37037433380851, 13.212738029636396], [76.37017122732033, 13.212591925776792], [76.37000992761614, 13.212475928521314], [76.37000991592492, 13.212475890749827], [76.36990843822389, 13.21225895268856], [76.36990842203613, 13.212258910420415], [76.36962707183193, 13.21126465953648], [76.36954358686711, 13.210619162144669], [76.36941954877324, 13.20966023303339], [76.36936422967551, 13.208602681568548], [76.36938008382384, 13.208176375939049], [76.36940577115945, 13.20748636390459], [76.36947498028616, 13.206605067869644], [76.36947498388344, 13.2066050300981], [76.36967335903836, 13.204616484263397], [76.36974404485187, 13.204245246820733], [76.36982562954921, 13.203816562484404], [76.37001016054052, 13.20301662092038], [76.37031923324605, 13.202121773900785], [76.37057295447835, 13.201272121411309], [76.37057296706882, 13.201272075545887], [76.3706345724276, 13.201013637369497], [76.37077490443835, 13.200424936661536], [76.37097278136883, 13.200338041467488], [76.3713054208086, 13.200191951097738], [76.37179944448884, 13.200121880420507], [76.37205045696305, 13.200086260972228], [76.37263080206992, 13.200036269458337], [76.37355898605841, 13.199956281057553], [76.37362334064471, 13.199950734938508], [76.37383860236969, 13.199851022606646], [76.37403107257597, 13.199761837738661], [76.375110361554, 13.199654293211099], [76.3755947768775, 13.199654292311775], [76.3760159221971, 13.199654268030088], [76.3766893669208, 13.199365023577], [76.3768701738195, 13.19926396406072], [76.3773766171372, 13.198980834098279], [76.37754192691847, 13.198927994431473], [76.37760266892809, 13.19890856188067], [76.37771440159844, 13.198895598153399], [76.37795319408468, 13.198867845075029], [76.37855458872338, 13.198904715480294], [76.37906026222142, 13.198935681836304], [76.37986038364983, 13.198971553094738], [76.38178285899181, 13.198852207663322], [76.38342000552888, 13.198664029021757], [76.3834200379045, 13.198664024525156], [76.38359851735777, 13.198644832992668], [76.38417005270583, 13.198583358035592], [76.38494750672214, 13.198556452118622], [76.38494754629227, 13.198556451219302], [76.3871105471141, 13.198619637586258], [76.38804105674944, 13.19858299560883], [76.38912040508268, 13.1984428506571], [76.38912044735082, 13.198442846160445], [76.39023204717131, 13.198361460213277], [76.39234461491213, 13.198144415132676], [76.39376528384082, 13.197936439714963], [76.39375136323486, 13.196725219293512], [76.39356671263374, 13.194714066301174], [76.39344211606084, 13.193810171202466], [76.39337287455857, 13.192942419856818], [76.3935250497413, 13.192504036332252], [76.39375834377263, 13.191831564674995], [76.39391703904016, 13.191374150596632], [76.39414300359681, 13.19065552842994], [76.39435515186881, 13.19060127952548], [76.39623705969262, 13.19065539712892], [76.39682602659991, 13.190692808026707], [76.3978007010416, 13.190754713759075], [76.39838516684205, 13.190896098875896], [76.39894001167227, 13.191030316396054], [76.39975654392941, 13.191293241290111], [76.40027306235203, 13.19145955831203], [76.40195668315448, 13.192010788766934], [76.4037971349299, 13.192543914969747], [76.40459836342382, 13.192635962379823], [76.40459840299394, 13.192635965977102], [76.4056052668696, 13.192751628684787], [76.40810527333976, 13.19289145797444], [76.40884788312337, 13.192832618930257], [76.40908472048352, 13.192775526369473], [76.40941059162554, 13.19269696879013], [76.41141235479637, 13.192158904409949], [76.41240856440379, 13.191874090916599], [76.41267927113154, 13.191718371505715], [76.41317883913217, 13.19143100393774], [76.41337710187179, 13.191155357233983], [76.41368600550481, 13.190273966770176], [76.41421619991775, 13.188764406152472], [76.41458044872877, 13.187638985550791], [76.41470951313357, 13.187182511263925], [76.41488935775772, 13.187073983777395], [76.41555354036365, 13.186852475361489], [76.41555357723587, 13.186852462771014], [76.416646636633, 13.186522381902478], [76.41756444784107, 13.186291759756955], [76.41915104618391, 13.185807924496148], [76.42042862847848, 13.185477775279136], [76.42061310910776, 13.185450651726226], [76.4210051379768, 13.185342132333577], [76.42112447711298, 13.185282889493806], [76.42136944524378, 13.185161254388445], [76.42145027451062, 13.185035154149089], [76.42149398426001, 13.18496696395425], [76.42170597784866, 13.184737143104712], [76.42197353425126, 13.184447088362502], [76.42253620498197, 13.184085443088803], [76.42299738542108, 13.183963329544097], [76.4235877858477, 13.18390896552637], [76.42387403465905, 13.183833704861627], [76.42396597235182, 13.183809531085043], [76.42454707648642, 13.1836783523741], [76.42471770575759, 13.183529160242585], [76.42484221689483, 13.183407098858593], [76.42501291001781, 13.183375459809668], [76.42501294329276, 13.183375458910346], [76.42557102838032, 13.183461216462037], [76.42618837339478, 13.18272008066725], [76.4261883832873, 13.182720049190946], [76.42635948560184, 13.182249857544944], [76.42673741669847, 13.180912008082766], [76.42692178401319, 13.180279257681661], [76.42694911081287, 13.180138070415694], [76.42699089421444, 13.179922205245644], [76.42714301723653, 13.179506377617257], [76.42756719057343, 13.178765108722814], [76.4275672139558, 13.178765063756714], [76.42773314966519, 13.178380919244093], [76.42780813963401, 13.177965603329993], [76.42787596290543, 13.177589981692337], [76.42797452860168, 13.1766447654436], [76.42801405290629, 13.176265746167303], [76.42810400759396, 13.175540880906965], [76.42821203235945, 13.174670320079258], [76.42828640539335, 13.17430343895262], [76.4283686915619, 13.173897466095243], [76.4285208199799, 13.173553955650563], [76.42867297088094, 13.173314393344638], [76.42887124711042, 13.173092898418584], [76.42920790382175, 13.172957249177784], [76.43015020266978, 13.17278375556589], [76.43078058425664, 13.172667689062678], [76.43168132903014, 13.172436615457514], [76.43277291443849, 13.172156574666245], [76.43480675912468, 13.171699671402735], [76.43556510344683, 13.171549626713954], [76.43590437628598, 13.171482493222527], [76.43643014603447, 13.171360350000212], [76.43731557535358, 13.171084474868676], [76.43731560682983, 13.171084464976104], [76.43815492341105, 13.17078147348627], [76.43859171693424, 13.170717157570833], [76.43898508399451, 13.170659242130343], [76.4394583378321, 13.170584206296155], [76.440640762861, 13.170396719233281], [76.44121724537962, 13.1702745508299], [76.44202432935936, 13.170174918537722], [76.44316347181683, 13.169984826138888], [76.44417347882302, 13.169830908070026], [76.4441735138966, 13.169830905372008], [76.44495813461026, 13.169831769620544], [76.4449995474912, 13.169488278061639], [76.44521459697614, 13.168050896132003], [76.44521460596934, 13.168050834978086], [76.44511661853716, 13.167285877940964], [76.44504429685685, 13.166721277265195], [76.44504427077652, 13.166626245005261], [76.44504424829347, 13.166549535532678], [76.4450162766799, 13.16547390409744], [76.44507149325489, 13.16504909853711], [76.4450714986508, 13.16504905806761], [76.44512673051423, 13.164678450150406], [76.44514287694227, 13.164653396836856], [76.44518206130319, 13.164592560398372], [76.44518210806791, 13.164592551405176], [76.4452078376716, 13.164586834414933], [76.44591532353344, 13.164429668894176], [76.44623813518183, 13.164330155312483], [76.44636262383608, 13.164208096626394], [76.44668799855236, 13.163737789867186], [76.44689739579826, 13.163435119435238], [76.44699772956164, 13.163352758622977], [76.4470956486453, 13.16327236912457], [76.44725300572168, 13.163195221682198], [76.4477689135046, 13.162942265772985], [76.44820238313355, 13.162761363546169], [76.44820242540169, 13.162761338365101], [76.4485943112785, 13.162444901111368], [76.44861332744318, 13.162376484287394], [76.44863573405195, 13.162295733261546], [76.44860795579257, 13.161830241472499], [76.4485994356155, 13.16154882651716], [76.44858002284985, 13.160908275396649], [76.44866288818179, 13.160397550406687], [76.44874585693583, 13.160261956923819], [76.44914246245474, 13.160180484641726], [76.44961744748724, 13.160040249757742], [76.45053057772407, 13.15994508709616], [76.45064124289911, 13.15987726382474], [76.45071494054213, 13.159560894020101], [76.45074257760791, 13.159420765256185], [76.45134665852152, 13.159312134347545], [76.45135438459721, 13.159188428103501], [76.45136046131631, 13.159090669998479], [76.45134579607168, 13.15835016642711], [76.45133233232133, 13.157671551500924], [76.45149774462527, 13.155560898416752], [76.45211236109662, 13.155610752334383], [76.45283059295758, 13.155668995128053], [76.45423717040916, 13.155573676883705], [76.45432438216454, 13.154249432365475], [76.45434778432286, 13.154026664898707], [76.45442549833814, 13.153286718007678], [76.45456348131967, 13.152007701294453], [76.45456348491695, 13.152007660824946], [76.45458030943377, 13.151748013060397], [76.45463228934877, 13.150945568683083], [76.45467374719573, 13.150638302715551], [76.45467378766523, 13.15063813993828], [76.45480272166833, 13.150127524665606], [76.45480273066153, 13.150127488692705], [76.45505166839985, 13.149951187397448], [76.45584018497664, 13.149675253809958], [76.45683626148434, 13.149480615338181], [76.45752331924587, 13.14924540125429], [76.45798905565044, 13.149150355504558], [76.4582565446039, 13.14913670829253], [76.45857934006455, 13.149190831291891], [76.45857938143337, 13.149190844781685], [76.460193722962, 13.150017376600713], [76.46056090895883, 13.150087187373858], [76.46100086629701, 13.15017080903567], [76.46176385202023, 13.150117290380706], [76.46281325203, 13.150043648495624], [76.4628594322171, 13.150032341319559], [76.46292390281593, 13.150016523144075], [76.46390621879704, 13.150070434802785], [76.46587540042947, 13.150001982005906], [76.46766013740546, 13.149987816784344], [76.4697814879254, 13.14998703977011], [76.4705371630597, 13.1499715867194], [76.47112813815312, 13.149959473750755], [76.47169076121969, 13.149959271403302], [76.47236408093767, 13.149986139548728], [76.47289907593165, 13.149972356539083], [76.47316650552989, 13.149913497709802], [76.47280173061547, 13.14878830463658], [76.47279738149399, 13.148772535024532], [76.47272945480057, 13.148526166649333], [76.47272944580732, 13.14852613067643], [76.47252002248109, 13.147767016534655], [76.47222450255879, 13.146818024032655], [76.47156427607052, 13.144843261207596], [76.47105650895078, 13.143573456250069], [76.47073337354641, 13.142705839802714], [76.4705900629811, 13.142374126664661], [76.47022977388502, 13.141540180834738], [76.46954253356114, 13.139949359275532], [76.4696676922103, 13.139392348877836], [76.46986871586859, 13.139033831446225], [76.46986873475436, 13.139033799969921], [76.46955132263548, 13.138801398066105], [76.4698681816713, 13.13760479882245], [76.46986819426184, 13.137604760151593], [76.469407226962, 13.135782430614707], [76.46932883575721, 13.134131080185227], [76.46928172297324, 13.133138568590141], [76.4692218910775, 13.132222108163827], [76.4691657688852, 13.131362447119272], [76.46909651209444, 13.131086828294544], [76.46909650310118, 13.1310867815298], [76.46904097266281, 13.130576108700494], [76.46902679395146, 13.129681236499891], [76.46902631461279, 13.128397704290647], [76.46890108131993, 13.126454362878574], [76.4689351134648, 13.125793590501871], [76.46896974905474, 13.12512108556967], [76.46894184668895, 13.124515474009968], [76.468937484977, 13.124312062651596], [76.46892777589619, 13.123860159618742], [76.46892770664842, 13.123675729351477], [76.46892767247414, 13.123584469747525], [76.46890279272975, 13.123243681550719], [76.46883033794978, 13.122251250894578], [76.46864533391512, 13.120764383769373], [76.46856214482716, 13.12026275901917], [76.46856207378073, 13.120069242001989], [76.4685620162241, 13.119914761856819], [76.4686705895761, 13.119257419494376], [76.46875983739665, 13.118717021373469], [76.46882197695271, 13.11829171848808], [76.4689002620375, 13.117755923996752], [76.46924274275841, 13.116551916138063], [76.4693905670211, 13.116032230303233], [76.4694733433202, 13.115467244717589], [76.46955603238507, 13.114626598938457], [76.46959701359134, 13.113320478457354], [76.46958284836984, 13.112493414239736], [76.46963050434437, 13.112228371442255], [76.46965192169887, 13.112109201378583], [76.46984992273582, 13.111390563024088], [76.46988455292984, 13.11121817917569], [76.46998794348883, 13.110703517853093], [76.47017221997203, 13.11019275059499], [76.47025501155957, 13.109727161679244], [76.4702549629962, 13.109489836886494], [76.47025494051314, 13.10937922477143], [76.47026843753844, 13.108547600991017], [76.47031419594344, 13.107625610633475], [76.47047986815147, 13.106771359910393], [76.47061795185704, 13.10605269907285], [76.47066398545462, 13.105835739427903], [76.47085731361422, 13.105049304781629], [76.47116545282347, 13.10308772781644], [76.47131720442547, 13.101971382273517], [76.47131721072077, 13.101971349897953], [76.47152899656601, 13.101162281114455], [76.47159798625813, 13.100692225266018], [76.471713021239, 13.100086557048998], [76.4717130751983, 13.100086380781873], [76.47191564119396, 13.09944472799185], [76.47219662177673, 13.098726024886162], [76.47243611483488, 13.098038972520612], [76.47270312444971, 13.096976790446545], [76.47277211504115, 13.096556492288359], [76.47277211863843, 13.096556450919532], [76.4727719306801, 13.096063823886423], [76.47272910676293, 13.095856346693095], [76.47267488303947, 13.095593789621716], [76.47240715936294, 13.094712618592494], [76.47215324567583, 13.093872085228613], [76.4721333310884, 13.093568066712976], [76.47212541435647, 13.093447300352693], [76.47212541615511, 13.09344726168183], [76.47212905571143, 13.09342899645105], [76.47216683263326, 13.093239350115935], [76.47229589074283, 13.093130838817213], [76.47274309841532, 13.093035728316236], [76.47345598110871, 13.092874868380534], [76.47428752215149, 13.092687192460003], [76.47571665280134, 13.092257306629445], [76.47739933830889, 13.091773090056108], [76.47883314093679, 13.091510398086426], [76.47991200003884, 13.0914421854086], [76.48082488835797, 13.091401153840254], [76.48082492253218, 13.091401154739572], [76.48182086863825, 13.091509180404387], [76.48233351098281, 13.091661820536618], [76.48260931866521, 13.091743943028575], [76.48366600947884, 13.092214313639715], [76.48597114455276, 13.093188792928512], [76.48597118052561, 13.09318880641831], [76.48717471803889, 13.093653776600544], [76.48767643901652, 13.093858337292488], [76.48869194987367, 13.094272366276751], [76.48995548835518, 13.094701180115408], [76.49024405471943, 13.094778906721215], [76.49059177489058, 13.0948725657164], [76.49132497866486, 13.09503499137179], [76.49243160073786, 13.095120372107543], [76.49339985851674, 13.095133503108741], [76.49400378744491, 13.09504739841873], [76.49471960192813, 13.094656880410751], [76.49471962710913, 13.094656859726344], [76.49472129085495, 13.094279588732093], [76.4947225786841, 13.09398948003053], [76.49476392771317, 13.093700214893033], [76.49478950982808, 13.093422929624522], [76.49483273034627, 13.092954464676836], [76.49526439143858, 13.089329611372534], [76.49535148358416, 13.088267500344898], [76.4954425471359, 13.087687114768585], [76.49547558373126, 13.087476519625739], [76.49554912759021, 13.086997428288726], [76.49562336662513, 13.086880059567136], [76.49571498056196, 13.086735221953004], [76.49626336466258, 13.086251413671846], [76.4962634015348, 13.086251384893556], [76.49628710676461, 13.086235260948568], [76.49666899487829, 13.085975510661342], [76.49696746997284, 13.085753572369528], [76.49725892855679, 13.0855368474476], [76.49770669111098, 13.085212877472372], [76.49817148862337, 13.084876578691192], [76.49902210248808, 13.08440768116958], [76.5005838489655, 13.0825448974291], [76.50187089932263, 13.081090250314844], [76.50319486415174, 13.07954070493963], [76.50338398168549, 13.07935549585949], [76.50554575673135, 13.078080198742214], [76.50563450542813, 13.078027842011352], [76.50802343663236, 13.076447141422475], [76.50929650163233, 13.075159670182702], [76.50991914904955, 13.07461761640991], [76.51099393332345, 13.0733707216815], [76.51171360230097, 13.072367715897427], [76.51223490062023, 13.071631270067085], [76.51343893455925, 13.069968628649345], [76.5137664631518, 13.06952134183649], [76.51457341403187, 13.069164657223212], [76.51546223649308, 13.068920718816171], [76.51582293567998, 13.068821723243957], [76.51675852648486, 13.069463903036764], [76.51764338653311, 13.070155771271857], [76.51929331963106, 13.071390304818747], [76.52076346656077, 13.072629272023336], [76.52190642394237, 13.073565287308211], [76.52210890360305, 13.074455715958546], [76.52242162935477, 13.076313368167463], [76.52267444496971, 13.078116758881379], [76.52282167657916, 13.078839941510125], [76.52315819659356, 13.078934989058553], [76.5250022969185, 13.079080361769343], [76.52765791847821, 13.079004583095072], [76.52899963322653, 13.078779129353393], [76.53069633736612, 13.078580921472394], [76.53136488348264, 13.07847722424458], [76.53363351507471, 13.077619362743464], [76.53448191480857, 13.077375619489313], [76.53607254481216, 13.0772315714799], [76.53827628402337, 13.077282067513462], [76.53918448957262, 13.077386334012147], [76.5410609439075, 13.077287547981996], [76.5431263799785, 13.077319878609558], [76.54453712758641, 13.077397174440078], [76.54514475902346, 13.077359008111783], [76.54589721458484, 13.077311743342305], [76.54681466696337, 13.077343673771566], [76.5485758578896, 13.07724931690251], [76.5507105111812, 13.077078229876463], [76.55156343900154, 13.077042329839685], [76.55254548518604, 13.076916074916996], [76.55282630119291, 13.076846661644199], [76.55347684558001, 13.076685852969772], [76.55531191221502, 13.07618019565956], [76.55664901613926, 13.07581449084614], [76.5574281950552, 13.075701719458834], [76.56102894293144, 13.075426998157468], [76.56184957969441, 13.075436251282039], [76.56337557092593, 13.075554150603638], [76.56573142416596, 13.075672244178746], [76.56656128797312, 13.075663406541025], [76.56673243975035, 13.07561410300849], [76.56859919309835, 13.075076351592427], [76.5703881326063, 13.074489224698029], [76.5714900647148, 13.074191183076664], [76.57386448985437, 13.073644836839774], [76.57657547907513, 13.072990067437729], [76.57902827653379, 13.072335221593278], [76.58168391877791, 13.071653271081628], [76.58356039289788, 13.071084146815961], [76.58443178829646, 13.070749852623635], [76.58466581527523, 13.070681070674935], [76.58530777833136, 13.070492388413069], [76.5857180985115, 13.070438223145514], [76.58591172434666, 13.070464829588277], [76.58640961960833, 13.070533248210895], [76.58779254668872, 13.071469012584883], [76.58813366313808, 13.07175379640063], [76.58960416619936, 13.072920061511693], [76.59057684144813, 13.073580057773484], [76.59238390049666, 13.074900018820868], [76.59261621066963, 13.074814022948825], [76.59362874836808, 13.074439200808515], [76.59464580605913, 13.07469288157125], [76.59484583776528, 13.074710535263021], [76.59717406922795, 13.074539088508173], [76.59932250013333, 13.074335964033533], [76.60409549720947, 13.072911214880717], [76.6044447048593, 13.072682353607776], [76.6062473932027, 13.071837365901787], [76.60749682851588, 13.071132425121391], [76.60941938929346, 13.069880668657957], [76.6117061530166, 13.0683532304173], [76.61209859197652, 13.06802423503046], [76.6131077176471, 13.067178242781724], [76.6139375904475, 13.066351218134288], [76.61506712814548, 13.065325347986459], [76.61601685089698, 13.064498323339024], [76.61665305829206, 13.06425881858968], [76.61738054507617, 13.064009373633725], [76.61786553686511, 13.063843076396894], [76.6181237349225, 13.062866869510456], [76.61847876927982, 13.061022915774972], [76.61883380093923, 13.059142805695956], [76.61911964775362, 13.05827958693345], [76.61918478475008, 13.057970553798043], [76.61922569221196, 13.05777647560393], [76.61923491386023, 13.057732727183632], [76.6195023452571, 13.055807418077906], [76.6198020380337, 13.054090006148897], [76.61972090389668, 13.054080965264403], [76.61939636465058, 13.054044797229661], [76.61722508107272, 13.054139618148893], [76.61480024623444, 13.054266044842166], [76.61294416873847, 13.054400954840219], [76.61206654013876, 13.054464741954348], [76.60952645268372, 13.054577552911779], [76.60701862121243, 13.054830446767765], [76.60599520891179, 13.054861995884437], [76.60534533991557, 13.053262023723448], [76.60481074871711, 13.051395407971768], [76.60432226036409, 13.04957851034004], [76.60383377740698, 13.047793248159904], [76.60360800170798, 13.046627187194987], [76.60351588145284, 13.045804622285514], [76.60334641590441, 13.044932525415788], [76.60319795672041, 13.044168519861328], [76.60281547415485, 13.042812621905], [76.60239614456646, 13.041190065968806], [76.6020735595472, 13.040218332310246], [76.60323063628488, 13.03970774131926], [76.60553555462218, 13.038722700392384], [76.60810781712212, 13.037692464935333], [76.60768387670959, 13.035730951822014], [76.60732445995592, 13.033986380367198], [76.60729682828605, 13.033647412398238], [76.60813123996479, 13.032517595910349], [76.60887808465594, 13.03110303787497], [76.60883963863847, 13.030774568591541], [76.6087675229029, 13.030158446655037], [76.60858321044685, 13.029204809154688], [76.60820535669194, 13.027487354957485], [76.60778600012384, 13.026099821549566], [76.60718688886391, 13.024603803822513], [76.60653708551814, 13.023080662542608], [76.60567526610072, 13.021471631510623], [76.60516835513556, 13.020115721863135], [76.60501947057219, 13.019728766069758], [76.60452319768746, 13.018438911626504], [76.60423291811475, 13.017236686224122], [76.60435741935947, 13.016649157332779], [76.60493142154792, 13.015201219160986], [76.60508122611776, 13.014823329433167], [76.60537627299664, 13.014136384086894], [76.60616915758062, 13.012875502202691], [76.6073261713658, 13.01140222833021], [76.60875512394989, 13.009739150741268], [76.6097738157091, 13.008564145119237], [76.61043295311833, 13.007999248566534], [76.61130872461803, 13.007258103778497], [76.61258088759791, 13.006146378052959], [76.61284822636463, 13.005893300735295], [76.61288190867323, 13.005877657028293], [76.61293580144617, 13.005852628895749], [76.61310172636365, 13.005848119695033], [76.61371010693597, 13.006141927308137], [76.61527253330081, 13.007091117660991], [76.6159546609789, 13.007443677084096], [76.61682114967635, 13.007886634560576], [76.61777060712785, 13.008302474779441], [76.61915331927031, 13.008844875690501], [76.62005211161573, 13.00815793663952], [76.62128275199746, 13.007434847540253], [76.62251799151215, 13.006969367442421], [76.6237716635315, 13.006413491089802], [76.62432014206098, 13.00623271836531], [76.62542170634674, 13.005997719219408], [76.62777692556472, 13.005247494876016], [76.63030727516072, 13.00457859982259], [76.6322384460475, 13.004226057486616], [76.63232454264357, 13.001273568820183], [76.63119671275814, 12.99801207489736], [76.63050529778133, 12.995951243355247], [76.62983243581834, 12.994342271678535], [76.6322842557139, 12.993411200866262], [76.63181414590616, 12.992285863002225], [76.6318417514957, 12.991937807383975], [76.63222889614667, 12.990166157342346], [76.63270815835489, 12.988195607841076], [76.6335237921893, 12.98502284822592], [76.63375885428775, 12.9840557298881], [76.6336481441466, 12.98238348461018], [76.63356516190277, 12.981316808623886], [76.63271257672409, 12.98145241199927], [76.6317734389931, 12.981584802996338], [76.63119025382719, 12.981621567281536], [76.6312515974833, 12.979640091916735], [76.63118524010679, 12.978765137900837], [76.63108570044477, 12.977452690689175], [76.6315925718398, 12.975242597767704], [76.63175845898576, 12.973412145554107], [76.63141734613367, 12.97275233365332], [76.63091967660188, 12.972684504086656], [76.63010859693424, 12.972915070474187], [76.62925141891793, 12.972847218424418], [76.62830672157799, 12.971541074561003], [76.62717759127287, 12.970244000360367], [76.62579969410064, 12.969019143518722], [76.62475362787768, 12.968368293362118], [76.62414993367258, 12.967708458078903], [76.62327897444516, 12.966894896282495], [76.62215450892353, 12.965859913304426], [76.62135274803097, 12.965548069787644], [76.62027954386593, 12.965427082194138], [76.61946787424307, 12.965335520417968], [76.61682737568287, 12.964915135924853], [76.6156153836431, 12.96505067185109], [76.61502658221104, 12.965096923983879], [76.61181814469165, 12.96534872156627], [76.6116248084382, 12.962162453234669], [76.6114451364839, 12.96026416605849], [76.6119844446265, 12.958967080166644], [76.6125926983944, 12.957945758789776], [76.61420104684089, 12.956675798249531], [76.61574484374961, 12.955582165984199], [76.61643606267421, 12.95524327715554], [76.61745445316052, 12.955148368102751], [76.61756401306883, 12.95426761256033], [76.61763418177213, 12.953702171018447], [76.61787855904834, 12.951157640013149], [76.6180445226367, 12.949141875297359], [76.61812743023677, 12.947478706876893], [76.61803075041888, 12.945612084829918], [76.61786494331255, 12.944491226488935], [76.61768527225757, 12.943397483607043], [76.61716005559214, 12.941521875534193], [76.61686980120044, 12.94019760223762], [76.61643211195246, 12.938258689986581], [76.6162110073322, 12.937164986674873], [76.61465352184264, 12.937273334297004], [76.61260308016807, 12.937503696538386], [76.60759890876267, 12.938312371418874], [76.60599997531864, 12.938637617532097], [76.60573750907884, 12.937340523546366], [76.60513405948934, 12.93453829180879], [76.60463663727103, 12.93231008654129], [76.60419910450514, 12.930136194929503], [76.60356366153383, 12.925562305955681], [76.60327355103362, 12.924021106289045], [76.60313997203212, 12.922999678792168], [76.60099288381457, 12.923406233510889], [76.59923734153017, 12.923690732241537], [76.59817769014836, 12.923044339124996], [76.59697989840362, 12.922036347499503], [76.59652840096498, 12.92120016775357], [76.59633504942303, 12.919939171655473], [76.5962386420997, 12.9172499496255], [76.59645990590002, 12.916088447324055], [76.59731250996441, 12.914411834938276], [76.5980682381587, 12.912961116062718], [76.59820662403656, 12.911813148557993], [76.59834487681468, 12.910850533125652], [76.59858002974465, 12.909892391820451], [76.59917005425467, 12.90718067954475], [76.59955257099443, 12.905635034529269], [76.5995526798124, 12.90472666170615], [76.59916580765594, 12.903325330899346], [76.59857626428322, 12.90141349903382], [76.59843211105311, 12.901120243604398], [76.59826308347459, 12.900776326666175], [76.59766885283534, 12.900491597709104], [76.59652630104802, 12.900156923103568], [76.59620843297284, 12.899912878576515], [76.59581229779934, 12.899384019656845], [76.59455946844474, 12.896861939327094], [76.59365208397656, 12.89516242570545], [76.59256507881537, 12.893449415058512], [76.59138128411905, 12.891975857000261], [76.59115104238674, 12.891447045744599], [76.59104054628426, 12.890909126155293], [76.59106574258999, 12.890546192153069], [76.59109588516702, 12.890113747751284], [76.59185171318609, 12.88845058382742], [76.59280089184773, 12.886760416859772], [76.59380545705626, 12.885083790084877], [76.59537197893371, 12.882982369440867], [76.59611898640213, 12.881669949208852], [76.59649326894925, 12.88099687320721], [76.59505872258205, 12.880241870765756], [76.59337562608431, 12.879353745279161], [76.5909572969418, 12.877830295531739], [76.58941640214528, 12.87641005557964], [76.58805300294381, 12.875524043499865], [76.58776731800737, 12.875496879477451], [76.58714535857149, 12.875835735930536], [76.58668662608699, 12.875488209113596], [76.58605304471229, 12.87500830209154], [76.58498511237309, 12.874199278274146], [76.58319797690518, 12.873041935337083], [76.58278342001887, 12.872919887442892], [76.58117567321881, 12.873095809224253], [76.58073402965181, 12.873116074547225], [76.57998203993924, 12.873150482608708], [76.57966880067465, 12.873164857372329], [76.57911184963223, 12.873190402615023], [76.57915336953243, 12.872851419357573], [76.57999398563396, 12.871578929024395], [76.57822704714056, 12.869661044721509], [76.57707800314739, 12.868341309403945], [76.57649403826929, 12.867608418593703], [76.57519440010157, 12.865977172508565], [76.57611469253908, 12.864643259378965], [76.57634592442491, 12.863955172793055], [76.57691203955903, 12.86227059331327], [76.57718865573196, 12.861109104501624], [76.57739622195811, 12.859486598028127], [76.57750220616197, 12.856827686748376], [76.57750735298202, 12.856698074656492], [76.57750773429456, 12.854912849348578], [76.57753625089731, 12.850370594927085], [76.5777807064145, 12.848323255014234], [76.57772228555507, 12.846989964215538], [76.57622554117586, 12.846622462556638], [76.57393043264341, 12.846058174844929], [76.57284801942063, 12.845990139333534], [76.57228632535367, 12.844936976560293], [76.57025965096216, 12.844922951632952], [76.56716875213624, 12.845227186885209], [76.56514606264074, 12.845186296510402], [76.56410776925821, 12.845162434798567], [76.56256921899433, 12.845097973192933], [76.56059417288282, 12.845107592341549], [76.55795661960235, 12.84543064231036], [76.55691100214108, 12.84547110190988], [76.55571894357445, 12.845438237085036], [76.5540661677195, 12.84538126503338], [76.55347871437124, 12.845215153956243], [76.5511532114516, 12.843429237069698], [76.54937525806179, 12.84213798867728], [76.54871019861685, 12.841607420146374], [76.54662516272111, 12.840238415470537], [76.54579396791735, 12.840228185682292], [76.54389617716691, 12.84075182943343], [76.54096145730546, 12.8413488632595], [76.53914176008419, 12.84217534381713], [76.53664486886566, 12.843412853220627], [76.53589412741212, 12.844009164891075], [76.53552040154534, 12.844306045487654], [76.5342849309049, 12.843701521208287], [76.5322178634637, 12.842657553103665], [76.53064753475599, 12.841897704215741], [76.52953399060125, 12.841145899763488], [76.52839172210037, 12.841104778262945], [76.52545762816709, 12.841273575615046], [76.52307845370775, 12.841410404766407], [76.52053180300038, 12.841419558965526], [76.5196781116556, 12.838755651052507], [76.51893739044829, 12.836739608446237], [76.51810008475115, 12.834398135365687], [76.51749241734126, 12.833814779328632], [76.51775570646072, 12.831925694914956], [76.51811656842494, 12.828111310388694], [76.51828316963264, 12.8263939955865], [76.51715484242209, 12.826068055196632], [76.51459888732882, 12.825542677552562], [76.5141434328732, 12.824394519391607], [76.51344338260606, 12.824502706934421], [76.51294594240136, 12.824394026563139], [76.51271694353215, 12.824095520891603], [76.51156344519688, 12.823697230942512], [76.51087774361304, 12.823054303813139], [76.51036862391294, 12.82256449255732], [76.51002230668416, 12.822214246190583], [76.50960920669957, 12.8227881755339], [76.50916707120342, 12.822747365198778], [76.50894936602049, 12.821929061277217], [76.50878903578541, 12.82196200434305], [76.50773419307859, 12.821818741441799], [76.50622268003269, 12.821677025374466], [76.50604009247633, 12.821659904980663], [76.50480845924307, 12.821638868938688], [76.50396757064692, 12.821706192187094], [76.50333097744272, 12.821880600409429], [76.5029009540159, 12.822010252970868], [76.50230852381935, 12.820723665764604], [76.50055027457557, 12.81862127205409], [76.49983224776008, 12.817716983951692], [76.49920154961188, 12.817120071534134], [76.49902447579899, 12.817023869256216], [76.49861959741656, 12.81721739976325], [76.49803777292493, 12.816297326760262], [76.49713734201475, 12.81502069235114], [76.49600167094042, 12.81388007230754], [76.49425683238695, 12.812685456968323], [76.49306586919454, 12.811653454343514], [76.49270518439681, 12.809941918584743], [76.49181882427939, 12.809059297848364], [76.4910709013011, 12.808108728834839], [76.49010807542737, 12.806482322001612], [76.49015631686058, 12.805908334202284], [76.49054369713394, 12.805582159988715], [76.4910143492329, 12.805609151341288], [76.49253714697181, 12.805825798921544], [76.4938936339841, 12.805526383136108], [76.49428046117441, 12.803923220180534], [76.49435953136731, 12.802754820978235], [76.49391861715054, 12.79971201789533], [76.4924495116357, 12.795691588795817], [76.49089806149641, 12.793138266917538], [76.49034273283092, 12.78948420543179], [76.49059143494685, 12.788628219916461], [76.49171186161317, 12.78688894636781], [76.49223755132198, 12.786318161054337], [76.49259696178041, 12.785285486635928], [76.49359302120104, 12.784062458116008], [76.49436752993762, 12.78273082836506], [76.49583435567104, 12.781915022760131], [76.49721812361759, 12.781180901677319], [76.49815898265098, 12.78047406422672], [76.49902476088408, 12.780684691745192], [76.49977487461081, 12.7803542871207], [76.49977566331626, 12.778898952025088], [76.49973529814554, 12.77669788649831], [76.49969594021553, 12.775830275446879], [76.49965783953775, 12.774989490272786], [76.49965877123537, 12.773186167907399], [76.49940129623292, 12.772363387160624], [76.49902481034678, 12.772147292663474], [76.4984454715813, 12.771806764370751], [76.49678406313404, 12.770720716987569], [76.49515023779327, 12.769417290875312], [76.49371019476973, 12.768059428799633], [76.49371015969615, 12.768059396424064], [76.49285173611878, 12.767282109681673], [76.49225192968288, 12.767680842097207], [76.4920492278896, 12.767815591116685], [76.49204920900382, 12.767815621693615], [76.49141298991759, 12.768821166263875], [76.49119008215662, 12.769388212196302], [76.49094295925022, 12.770016884171921], [76.49064784402282, 12.771119511456332], [76.4901138769539, 12.773114508128117], [76.49011389494035, 12.773114543201643], [76.49122235252958, 12.77583108123946], [76.49163939963864, 12.779743268836853], [76.49163939694068, 12.779743307507658], [76.49076899349433, 12.783275730290768], [76.48960748309895, 12.785816628934299], [76.48725417494029, 12.785355696708105], [76.48431232885093, 12.784219188364887], [76.48251945480905, 12.783075310976868], [76.48074736499893, 12.782315249848976], [76.47817223006444, 12.780686076701102], [76.47822584584617, 12.776148721786113], [76.47812063236137, 12.772857850609345], [76.47698705670736, 12.772654328634417], [76.47617589879877, 12.772508722999188], [76.4754802408205, 12.772126695490668], [76.47479149772948, 12.771748506288588], [76.47402823411579, 12.771762373834518], [76.47326904443094, 12.771776193716393], [76.47216215885658, 12.77185807069344], [76.47216182610742, 12.771858097673146], [76.47135924503317, 12.772293077263726], [76.471359208161, 12.772293096149493], [76.46980934352644, 12.773027192051304], [76.46947735699452, 12.77359793060009], [76.4691175121635, 12.773706737775797], [76.46874750949003, 12.774379273284861], [76.46817699577178, 12.775554556797436], [76.46709750534563, 12.775745106951147], [76.46548880796217, 12.776662651060517], [76.46535975344995, 12.776819504516594], [76.465270853667, 12.776927551765143], [76.46492068913852, 12.776986215441525], [76.46462041000399, 12.777036520818855], [76.4633054986499, 12.77713200363911], [76.4616169063952, 12.777173283420321], [76.4598314508608, 12.777364011639861], [76.45850272771878, 12.77741874078231], [76.45840592379443, 12.77767692624917], [76.45717439758046, 12.778818400648731], [76.45592925023476, 12.780530481396623], [76.455043609575, 12.78107412876807], [76.45526570794613, 12.783220458857159], [76.45559852095505, 12.785149406619896], [76.45606963890276, 12.78680661343452], [76.45723276897718, 12.788110437946386], [76.45756516470067, 12.788898260246588], [76.45897685389872, 12.788327288773413], [76.45982144860102, 12.788904354052761], [76.46043736099546, 12.788972142250598], [76.46070049363294, 12.789270911423497], [76.4617524099458, 12.789243363390538], [76.4620574132191, 12.790601751569623], [76.46396768925753, 12.790791412293911], [76.46592026760635, 12.793331095953361], [76.46693076654168, 12.793398709682776], [76.46831495986754, 12.793561236062258], [76.46823239940579, 12.794756749824217], [76.4685648841621, 12.79543585308221], [76.46958923895227, 12.795734428001479], [76.46932682667176, 12.797323896980288], [76.46999146973059, 12.797839913581182], [76.47094646700589, 12.797445575253166], [76.47129250274685, 12.797486220113], [76.47172183729299, 12.79809737059725], [76.47138990921701, 12.79879036568286], [76.47082245858962, 12.799116576768652], [76.46959060592178, 12.799483827516665], [76.46906472915396, 12.799742081332056], [76.46889895712121, 12.800584447514268], [76.46950872085085, 12.80245890805219], [76.46798644921529, 12.80361413128719], [76.46712848429218, 12.804385422249482], [76.46429131299374, 12.806074258220464], [76.46406475758255, 12.806079860097498], [76.46373762109437, 12.806087949499327], [76.46338023860716, 12.805457182103337], [76.46311428569578, 12.80498778096137], [76.4624630407368, 12.803018214419126], [76.46207066472942, 12.8030585822878], [76.46153563915846, 12.803113642380765], [76.4608523351672, 12.803300115008366], [76.46053906712433, 12.803385610857276], [76.46018913192296, 12.803528065268038], [76.45900278944725, 12.804011028186437], [76.45834090820642, 12.804344785483524], [76.45797853897847, 12.804527510636147], [76.45793094145984, 12.805059175440649], [76.45789582293395, 12.80545131852358], [76.45753618224904, 12.806293692799727], [76.4567339878833, 12.808413182622303], [76.45648982104849, 12.808565204021022], [76.45616650577966, 12.808766504670528], [76.45481020942367, 12.809636316362967], [76.45367545295983, 12.810049635782091], [76.45357833247414, 12.810085008816145], [76.45170984883049, 12.811240223057894], [76.45087946791318, 12.8119196977359], [76.45031224301567, 12.812965888065321], [76.45009116537506, 12.81429725161689], [76.44985609967932, 12.81528902127138], [76.44939944822602, 12.81592764154749], [76.44939942484365, 12.815927673023738], [76.44865221772574, 12.816933109675343], [76.44742077155144, 12.818984771729902], [76.44716598102525, 12.818975168769098], [76.44652434532236, 12.818950984200626], [76.44621795349582, 12.81894643992632], [76.44607794434171, 12.818944364291042], [76.44599514286159, 12.819990406232305], [76.4457046735319, 12.820887071681057], [76.44570466363939, 12.820887116647159], [76.44557334913083, 12.821688636521401], [76.44634522015582, 12.822014459100046], [76.44592681776851, 12.823383260529111], [76.44358368453948, 12.82290497858196], [76.4418809513449, 12.82293255809111], [76.44013671893447, 12.823231844374165], [76.43888891768944, 12.823347153648285], [76.43807406806383, 12.823422459279127], [76.43645440434733, 12.823558672394883], [76.43459941143374, 12.823898679980116], [76.43411552041499, 12.823979652239187], [76.432993656632, 12.824167375823775], [76.42961306818859, 12.82438762159154], [76.42854989236372, 12.82445687658361], [76.42532099077118, 12.825031425559871], [76.42472948058112, 12.826821344429558], [76.42448044032011, 12.827853861466563], [76.42398241375747, 12.829538402275489], [76.42284755567022, 12.831386152049332], [76.42262087255529, 12.832098433096236], [76.42243248706967, 12.832690373162224], [76.42215585920559, 12.834103245868162], [76.4218942293353, 12.835753578265098], [76.42163035565642, 12.837418033615391], [76.42135376376524, 12.83902106886728], [76.42119244067862, 12.839222067344565], [76.4206340534189, 12.839917834140806], [76.4204515234191, 12.84052046984385], [76.42032956905445, 12.840923107115769], [76.42021966920242, 12.84140121549376], [76.42013595850773, 12.841765385164422], [76.42033795073587, 12.84240927546773], [76.42046042490875, 12.842799624403197], [76.42046834523802, 12.842824938520153], [76.42111711886004, 12.844887124441298], [76.4212718085472, 12.845378811682847], [76.42321009397074, 12.845487162902314], [76.42516223345035, 12.845459671526667], [76.42516243309984, 12.846678889619112], [76.42523178342014, 12.847361519118863], [76.42573738137509, 12.848611259302231], [76.42595903008521, 12.849331183687239], [76.42623033486211, 12.849829311873293], [76.42655458452651, 12.850424643282732], [76.42647993899806, 12.851619335963615], [76.42644422961757, 12.852190678856799], [76.42628005568008, 12.853438238184195], [76.42623685404766, 12.853766527603227], [76.42623685224896, 12.853766559978792], [76.42620942652388, 12.854948420233487], [76.42620939684622, 12.854948444515172], [76.42579412409958, 12.855315340030982], [76.42544814951253, 12.856130419883018], [76.4253790402106, 12.856836875121758], [76.4253169465199, 12.85797463172395], [76.42356553302301, 12.858141334554999], [76.42146101691247, 12.858223200740154], [76.4176396626404, 12.85825099069069], [76.41708972091396, 12.858686246373226], [76.4167813460823, 12.858930317879922], [76.41634264239906, 12.859683877808779], [76.41600620782032, 12.860261777658934], [76.41581255140818, 12.861402884235758], [76.41563979344176, 12.863342144524378], [76.41563975567027, 12.863342166108113], [76.41357000824934, 12.864486990482249], [76.41167318516943, 12.864853974131675], [76.40979017837407, 12.86526174383448], [76.40901481078492, 12.865207502124575], [76.40720097984138, 12.865058270422875], [76.4072010212102, 12.865058233550712], [76.40771652160026, 12.863122381692616], [76.40724551247047, 12.861139030342029], [76.40696835850298, 12.859210065492164], [76.40694038599008, 12.857308176531149], [76.40702328010036, 12.855759449538992], [76.40768767224836, 12.854210713553641], [76.40815825779742, 12.852879395867491], [76.40818560708016, 12.85040693113501], [76.40835145735394, 12.848097473020003], [76.40847591812917, 12.846684636286968], [76.40871460269682, 12.845431467887973], [76.4085309656316, 12.84407639011334], [76.40785256654277, 12.844103679141538], [76.40771690381212, 12.84422053075292], [76.40739921200407, 12.84449424751159], [76.40733734044596, 12.844542775828472], [76.40727085176843, 12.844594923916642], [76.4051426016498, 12.846264128586709], [76.40498697576841, 12.84638618367546], [76.40414246380374, 12.846657957898515], [76.40300718663241, 12.84639999366482], [76.40300715785412, 12.846399959490611], [76.40238407696364, 12.845761530770064], [76.40086124325182, 12.846889202374827], [76.40041825519836, 12.84714734287564], [76.39973980754615, 12.846794197993916], [76.39915834997794, 12.847120277778629], [76.39889554199573, 12.847129190060116], [76.3987568872206, 12.847133897111691], [76.39875684944911, 12.847133893514409], [76.3984245472551, 12.846862223612787], [76.3976804239125, 12.847327556221785], [76.39694319027609, 12.847555159343187], [76.39657709335825, 12.847567856871137], [76.39576638331198, 12.84759598586612], [76.3949633516774, 12.847256415351351], [76.39470085665926, 12.847059159852394], [76.39431260404348, 12.846767443163003], [76.39375881142007, 12.84660441586118], [76.39285886344584, 12.84633276844255], [76.39285883556687, 12.846332739664263], [76.39219426805107, 12.84574865427703], [76.39053284971129, 12.844553290701867], [76.3888576591537, 12.84535483215984], [76.38864699476306, 12.845370162902725], [76.38810999787813, 12.845409251036127], [76.38760733081375, 12.845348414597709], [76.3870993523533, 12.845286979210753], [76.38617174572954, 12.845178327617758], [76.38617170526004, 12.845178293443551], [76.38557985692489, 12.844672324068538], [76.38536179291248, 12.844363280141295], [76.38528566170396, 12.844077992705252], [76.38548636880091, 12.84356175936773], [76.38671159616331, 12.84251572641966], [76.38737614389396, 12.842033441590102], [76.38770831748491, 12.841517167783136], [76.38722376186718, 12.84036244816849], [76.38644838708348, 12.838922477090705], [76.38633757621824, 12.837564064629932], [76.38630988879038, 12.836558741292945], [76.38604682540074, 12.83598819789705], [76.38513649655215, 12.835434653486516], [76.3847590798677, 12.835199743373494], [76.38453079056359, 12.835057642396348], [76.38430236636117, 12.834616166103215], [76.3841569360938, 12.83320339142341], [76.38346471622373, 12.832089445271718], [76.38321562290275, 12.831693741772824], [76.38288321818601, 12.831165687746363], [76.38189686784625, 12.83066643900503], [76.38189683816859, 12.830666426414496], [76.38111813229602, 12.83029627445353], [76.3807969493198, 12.830282300787585], [76.38033595144304, 12.830262240510022], [76.37975451455924, 12.830133237259133], [76.37822474617514, 12.82872039333154], [76.37776992394288, 12.828377739940777], [76.37744942535073, 12.828136282763296], [76.37679877124634, 12.828054753823892], [76.37650805820039, 12.828530211899814], [76.3763107811177, 12.829588467533824], [76.37630039934402, 12.829644165246064], [76.37592661951794, 12.830826017406821], [76.37562794837118, 12.831026467297702], [76.37478795729845, 12.831590206422959], [76.3747879348154, 12.831590174047337], [76.3736520047363, 12.830552810563804], [76.36982525992784, 12.828859810731727], [76.36944680632513, 12.828692372255205], [76.36813703999246, 12.826916545762002], [76.36732708627608, 12.825377517958142], [76.36708730273688, 12.824921883638071], [76.36695655300258, 12.824354311602235], [76.36704708595431, 12.823293083708903], [76.3671376171074, 12.82223185941285], [76.36760728265006, 12.821339745432963], [76.36839235392405, 12.820338384508887], [76.36958291152223, 12.818463655973005], [76.37069043021921, 12.815692437356175], [76.37082158914507, 12.814329820564808], [76.37073538822762, 12.813196714356934], [76.37025293072821, 12.811497044253256], [76.36925342870285, 12.809805751334409], [76.36828841118131, 12.809095429010881], [76.36596190102097, 12.808655596678477], [76.36401457201492, 12.808841529712877], [76.3616535953372, 12.809340295518268], [76.35950802877255, 12.809340178606421], [76.35736246310722, 12.809340040110838], [76.35608731257946, 12.80941320355657], [76.35530306868174, 12.809458194839863], [76.35368319452385, 12.809373498488242], [76.35138666596191, 12.809253381438449], [76.34989185332643, 12.809313924697904], [76.3490120078979, 12.809349567528555], [76.34826326653662, 12.809660472153096], [76.34782381821469, 12.809842916717283], [76.34751461780542, 12.809971284147483], [76.34653042403988, 12.81055527240795], [76.34651404019087, 12.810564994079243], [76.34651399702341, 12.81056501926025], [76.34551336365087, 12.81115869501781], [76.34482928084668, 12.811564630103645], [76.34467536277782, 12.811655958955383], [76.34467532410697, 12.811655973344559], [76.34379092810889, 12.811816195660922], [76.34237781168673, 12.811900574551938], [76.3415999727606, 12.81194700744851], [76.33987892397323, 12.812153865908215], [76.33870329961763, 12.81229514310644], [76.33728392031674, 12.812465763384296], [76.33557913846653, 12.812542177879266], [76.33442691626925, 12.812593763891124], [76.33312332917836, 12.812457163167606], [76.33243400062867, 12.812296425539673], [76.33214979957364, 12.812230136511632], [76.3318223006587, 12.812008758497484], [76.33128814203417, 12.81135753422285], [76.33055596438629, 12.810291983288437], [76.33017700626391, 12.809048897188916], [76.32991885137398, 12.807619710781069], [76.32979850229913, 12.805860839206389], [76.32956611298579, 12.80427110402826], [76.32962677675442, 12.802816691637076], [76.32981648154544, 12.801556770228784], [76.33001917884206, 12.800728068345736], [76.33024339511667, 12.799755718651566], [76.33070891028802, 12.798352055003363], [76.33117441466754, 12.79694848668339], [76.3316399118525, 12.795544833827082], [76.33201053236024, 12.79495298459261], [76.33306194865008, 12.79333801533721], [76.33347115906679, 12.792709588876448], [76.33387210651256, 12.791909145490704], [76.33414801312034, 12.790978963208655], [76.33421722224705, 12.78930469085884], [76.33435525289264, 12.788213944517961], [76.33441605425753, 12.787733127381953], [76.33476900398644, 12.78724999988765], [76.33582883343401, 12.786751257464632], [76.33688865478763, 12.786252507846994], [76.33847399228097, 12.786007488454857], [76.34007883876745, 12.786007797821638], [76.34202372791277, 12.786008072114896], [76.34388465904982, 12.786253561852448], [76.34598731356374, 12.786530892986375], [76.34695185354525, 12.786896617584887], [76.34764111554512, 12.786947387012333], [76.34833236234869, 12.786947514716077], [76.34880429328359, 12.786786909288478], [76.34918348702837, 12.786355651092492], [76.3496056854541, 12.785636917409873], [76.34970916954262, 12.78489278687266], [76.34915789681952, 12.783776537557227], [76.34853760832402, 12.782829427336251], [76.34787439608658, 12.781632759744125], [76.34778825272578, 12.781193105477486], [76.34763068610732, 12.780388572874415], [76.34764195011599, 12.779840064667324], [76.34765312149443, 12.779291555560915], [76.34783158925649, 12.778732372401121], [76.3480901344522, 12.778241936116498], [76.34863302369513, 12.777404827370956], [76.34913282372088, 12.776390209540578], [76.34941950690478, 12.775808167413057], [76.34972309194717, 12.775033036345574], [76.34998591341923, 12.77449184412336], [76.34996876784442, 12.774208644013756], [76.34990339342693, 12.77313249456904], [76.34993020671374, 12.772022670909564], [76.34962019871324, 12.77093188769652], [76.34904300842817, 12.770090365977637], [76.34827632828996, 12.769367297562779], [76.34738043715748, 12.768809109053167], [76.34557126829947, 12.7681281801714], [76.3446408584889, 12.767899736183947], [76.34394305113096, 12.767544523760819], [76.34325397978739, 12.767037020142425], [76.34267686054875, 12.766132126796265], [76.3423668660381, 12.764538104549954], [76.34228096999084, 12.762880745749838], [76.34252237590698, 12.761730723294304], [76.3428843476346, 12.760589208425301], [76.3430911431418, 12.760179131961419], [76.34341857370828, 12.75980290418073], [76.34486170680236, 12.758716462894482], [76.34736027975316, 12.756179972727637], [76.34833447935279, 12.755190994568807], [76.34916096260838, 12.754522813577006], [76.35184793093731, 12.75235038875951], [76.3528358353056, 12.751286714710147], [76.3534226069678, 12.751011103979291], [76.3544356078171, 12.75075357411822], [76.35445677875737, 12.750748686302869], [76.35514010613105, 12.75059091284038], [76.35577551582747, 12.750523158816748], [76.35689896511519, 12.750469060998398], [76.35709238500561, 12.750084896700683], [76.35696049133367, 12.748949487329009], [76.35692936939495, 12.748272526256132], [76.35688593753605, 12.74769394112252], [76.3568462450582, 12.747165157745881], [76.35655539171802, 12.746163399321459], [76.35638826710488, 12.74558778195063], [76.35599759261487, 12.744994180836839], [76.35527872673191, 12.743901904749178], [76.35475747697603, 12.743808822219421], [76.35384129533958, 12.743347684947762], [76.35168254201574, 12.74258443212591], [76.35168249615032, 12.742584411441497], [76.35142242570441, 12.742589793883951], [76.3512292576242, 12.742593769786707], [76.35058128709676, 12.742906971279748], [76.34999522230174, 12.743190220852057], [76.34926648725866, 12.743704141133263], [76.34906127905487, 12.743848853741667], [76.34906124128332, 12.743848879821995], [76.34812188861434, 12.744504090791223], [76.34664578637398, 12.743665986496126], [76.34540567253384, 12.743058456682489], [76.34540561857449, 12.743058425206188], [76.34459700754594, 12.742662312515732], [76.34407913384501, 12.742358684305882], [76.34501863130487, 12.74014419010234], [76.34562529866866, 12.738549590491232], [76.34567502578187, 12.737595959286125], [76.34515026057613, 12.736535289871767], [76.34350623242676, 12.734311556033562], [76.3415011840325, 12.73256713746349], [76.34131418080483, 12.732094744277047], [76.34160521670742, 12.731649210242889], [76.34224952879276, 12.730935297825793], [76.34326786801773, 12.729976704161631], [76.34359577252695, 12.72914757060397], [76.34375245691041, 12.728751553241635], [76.34371102784172, 12.727874364410411], [76.34412036416353, 12.725690991246323], [76.34430749239692, 12.724868506376538], [76.34436996829947, 12.723819946333494], [76.34503522289725, 12.721506200250984], [76.34597052412046, 12.71938179113681], [76.34659397193434, 12.71856835524545], [76.34689119787055, 12.717995023951232], [76.34789659944857, 12.71605557930161], [76.34847681775103, 12.715359683902362], [76.34904313972919, 12.714736012157289], [76.34980278896757, 12.714153096788039], [76.35024127141759, 12.713479654762299], [76.35139687596512, 12.71266735831199], [76.35227170407592, 12.712134150270852], [76.35362262338543, 12.71145766404004], [76.35492551799831, 12.710938040258384], [76.35577766071054, 12.710939426113669], [76.3563035122973, 12.710940207624503], [76.3572334292794, 12.71098093432272], [76.35821403385063, 12.711116605147255], [76.35992029328696, 12.711821803133775], [76.36109123936927, 12.712046291902878], [76.36152026994455, 12.711883127004738], [76.36193592040645, 12.70984323887444], [76.36284000885941, 12.705998004004753], [76.36281930106992, 12.704100923718727], [76.3627258830931, 12.70267293340919], [76.36277791876597, 12.701367362413917], [76.36198841473362, 12.699796578649226], [76.36171842116823, 12.69918461247994], [76.36157295762592, 12.698074846377096], [76.36136125092105, 12.697030819816518], [76.36169637788561, 12.695377100572784], [76.36183455691935, 12.693067590297117], [76.35919440459816, 12.692279293154911], [76.35973467771328, 12.691340881176755], [76.35983122982748, 12.690950066392476], [76.36002562638163, 12.689688608942221], [76.36019189753807, 12.688052997547855], [76.36002576487721, 12.686927633603432], [76.35768179977532, 12.6858789053872], [76.35677037375382, 12.685628899254366], [76.35608404084587, 12.685486045544621], [76.35374098585788, 12.685271663356614], [76.35353013890483, 12.681548644554367], [76.35312994509093, 12.678226682915124], [76.35308865721584, 12.676454928552175], [76.35307481485086, 12.67631939172662], [76.35326842269961, 12.674131875385797], [76.35343068287978, 12.672612342185912], [76.35345051113222, 12.672426295836939], [76.35277295380882, 12.672477023895564], [76.35217362671153, 12.6725219045623], [76.35273032054789, 12.668866429342302], [76.3527889113792, 12.668540546509066], [76.35288226280625, 12.668021260872536], [76.35159745985493, 12.668197699764109], [76.35061299089688, 12.668332919128941], [76.34923213675377, 12.66856323910224], [76.34910847817378, 12.668580564541458], [76.34865215946962, 12.668644520728094], [76.34791511199292, 12.668441050913827], [76.3474848961111, 12.668010332311042], [76.34490315205886, 12.664236135789109], [76.34490312777717, 12.664236098916888], [76.3440934960181, 12.663199480072022], [76.34243680091771, 12.66018919017904], [76.34191235587059, 12.659403924651428], [76.34181898016186, 12.658781664842026], [76.3419712497734, 12.658089939599108], [76.34205046295858, 12.656390857652013], [76.34197963775011, 12.655741672140493], [76.34043357185192, 12.654677367666409], [76.3398626588347, 12.654284412495711], [76.33809075338564, 12.653280731320763], [76.33849364336703, 12.650741261699919], [76.33859396813716, 12.647288956819976], [76.33809495052162, 12.646506439620566], [76.3372587572859, 12.646022022498414], [76.33449836021123, 12.64538419272634], [76.33241649712369, 12.644727568922235], [76.33149064777524, 12.643466536851234], [76.33083422721785, 12.643114799408522], [76.3295750963137, 12.641936068794562], [76.32904597389262, 12.641339319154326], [76.3280700844669, 12.638869615340521], [76.32631516271465, 12.637084390931932], [76.32583744554171, 12.636676237218639], [76.3243265296457, 12.635497905903659], [76.32348673192718, 12.635118641112454], [76.32340301583656, 12.634854212551941], [76.32320507775222, 12.634273728050175], [76.32378705243059, 12.632703117854645], [76.32463885340042, 12.63184646953897], [76.32596850913944, 12.630337188610438], [76.32767621738356, 12.628296660162787], [76.32841711485804, 12.626708782983997], [76.32836234434677, 12.624204881550098], [76.32836882126412, 12.62145160890469], [76.32839023682004, 12.61809387313377], [76.32836341993595, 12.614807673935047], [76.32795475181041, 12.61444872662747], [76.32801717914958, 12.613748754601371], [76.32780979098914, 12.612157563420851], [76.32768525646947, 12.611435799922276], [76.32659236614484, 12.61100169717065], [76.32553852438343, 12.611001558675014], [76.3212769150976, 12.612248081983468], [76.31850871640421, 12.611657833542209], [76.31745751505235, 12.611433708099183], [76.31181117284741, 12.61067302194243], [76.30747601970262, 12.610087382526727], [76.30693706949023, 12.610256694291083], [76.30632121105509, 12.61045007461132], [76.30645301929144, 12.611630126329317], [76.30645302288877, 12.611630165899498], [76.30657675701178, 12.612308214252721], [76.3066460272924, 12.612687796504643], [76.30801212266141, 12.615528596567515], [76.30935144071645, 12.619333728868524], [76.30976682497902, 12.622523366959852], [76.30976790416548, 12.622531657809816], [76.30897784615075, 12.6229904343611], [76.30886313042919, 12.623089268055308], [76.30872927893313, 12.623204574631472], [76.30659989027276, 12.6239587829715], [76.30642972595115, 12.624132916900635], [76.3062157934242, 12.624351781309715], [76.30611158538142, 12.624458391441634], [76.30537723587082, 12.624988903315288], [76.30516708499306, 12.625140705279362], [76.30489655543175, 12.62423370662032], [76.30464239083375, 12.62318815660819], [76.30432323223141, 12.622621259963239], [76.30432328888872, 12.622463939759085], [76.30426319888755, 12.622147737228318], [76.30426323845774, 12.621897951429386], [76.3042632276659, 12.621897918154442], [76.30371780503276, 12.622035338160401], [76.30146469933646, 12.621986365578376], [76.30143041628077, 12.622549714397852], [76.30137593085459, 12.623444350076737], [76.30139726187417, 12.624227587633127], [76.30140170272648, 12.62439079479941], [76.30071624395953, 12.624411010659685], [76.30081569099139, 12.625942157704456], [76.3006468153983, 12.628322896984171], [76.30033496468695, 12.629208897372793], [76.298717779502, 12.629281652526288], [76.29827390022035, 12.62906779824033], [76.29757828001368, 12.628732604725997], [76.29606355279077, 12.628362262108736], [76.29541331597181, 12.627854291742208], [76.29431162757959, 12.627688571870122], [76.29402425731371, 12.627354577152062], [76.2940242213408, 12.627354546575134], [76.29321098599826, 12.626892647577675], [76.29255336394664, 12.626348463310988], [76.29234515380585, 12.625067084978014], [76.29175399525076, 12.622569468905906], [76.29102141380724, 12.617847197190429], [76.29059276094722, 12.616615234805295], [76.28900243941109, 12.61578564529134], [76.28772964150983, 12.615691175107711], [76.2864181466802, 12.615593888247416], [76.2844741928298, 12.61594795403488], [76.28026958527317, 12.616713658408683], [76.2802695726827, 12.616713696180168], [76.27964495035422, 12.620732106301713], [76.27940491410556, 12.623949523551744], [76.27929005629113, 12.625489173686447], [76.28084980537427, 12.628128492336089], [76.28213520547541, 12.629836784240242], [76.28212245848471, 12.629989171663], [76.28211150114493, 12.630120436708863], [76.28209687277251, 12.630295535610513], [76.27956235212093, 12.631202375089572], [76.27965796264493, 12.632153843425158], [76.27982010321523, 12.633767369268751], [76.27982006634306, 12.633767370168073], [76.2791719150519, 12.63378081413333], [76.2784874653243, 12.633795009032498], [76.27848744643853, 12.633794973059594], [76.27782006674272, 12.632556601206204], [76.27641448663928, 12.63215279661432], [76.27587420453098, 12.63199156885588], [76.27467045028112, 12.631632356248302], [76.27287131156186, 12.630790988313493], [76.27168272078097, 12.630407844746284], [76.27093402798306, 12.63016649638672], [76.26755626970612, 12.629536872928385], [76.2654211091969, 12.62891227308296], [76.2665431735287, 12.62664271698787], [76.2673297934353, 12.623260515160725], [76.26732977994544, 12.6232604827851], [76.26621433642254, 12.621375959732802], [76.26493164687804, 12.619350174770771], [76.26493162709295, 12.619350145992485], [76.26258557286593, 12.62014783295615], [76.25861357225858, 12.62192700852466], [76.25747103306179, 12.622252875170089], [76.25738822978303, 12.621574946426676], [76.25718074089855, 12.621089988812003], [76.25687389581373, 12.620994534770034], [76.25681665396547, 12.620850840194182], [76.25666979737332, 12.620482117255962], [76.25666976409838, 12.620482116356639], [76.2556159843902, 12.620314369412654], [76.25509333978584, 12.620325984156924], [76.25454557262015, 12.620338115111963], [76.25427871049413, 12.620653236657573], [76.25404826281715, 12.620925343629779], [76.25341042135392, 12.62180648947793], [76.25345118852158, 12.623432023968805], [76.25333338542742, 12.623822800981541], [76.25029005534185, 12.623800335017506], [76.25033481639872, 12.624779051911784], [76.24972199497415, 12.62495614730841], [76.24905823145231, 12.625147950217748], [76.24791768695172, 12.625388996405093], [76.24717678767865, 12.625588180050498], [76.24644979282374, 12.625814502537308], [76.2457779668797, 12.62598654374403], [76.24587480767627, 12.626474642690653], [76.24608004735637, 12.6270925174058], [76.2463310895082, 12.627848401182804], [76.24632453255117, 12.628393201485098], [76.24631926252403, 12.62882869998458], [76.24648079964925, 12.629845591301034], [76.2466114027941, 12.630668515039986], [76.24661140729069, 12.630668550113567], [76.24661838962703, 12.631191724418613], [76.24660507516415, 12.632235803139853], [76.24665017706407, 12.632892140060278], [76.24669703713863, 12.633574657144779], [76.24668001207294, 12.634311692031021], [76.24667402258814, 12.634570660807412], [76.24669067263649, 12.634922175218266], [76.24674028823375, 12.63597005987043], [76.24624300630973, 12.636349930804728], [76.2456945817396, 12.637011898380475], [76.24545766074249, 12.637044425959516], [76.24545762476964, 12.63704443405345], [76.24407624002652, 12.637411905135366], [76.24407619955703, 12.637411925819778], [76.24385645021505, 12.637522678229061], [76.24098749957352, 12.638020954803267], [76.23976446925491, 12.638095551768345], [76.23762348743406, 12.639333549503759], [76.23739012055768, 12.639468513461166], [76.2369401402753, 12.639728696322324], [76.23488959787672, 12.641660762933896], [76.23353456596749, 12.64258594318676], [76.23308343365358, 12.64293643866574], [76.23253096033562, 12.643365605038694], [76.23190056076231, 12.643600861390667], [76.23190052119213, 12.643600872182558], [76.23110810155771, 12.643709511185019], [76.23044621851824, 12.64380032112797], [76.22959022940563, 12.644049155444236], [76.22870205535565, 12.644207747289727], [76.22748222302624, 12.644186150070823], [76.22227645149712, 12.644589233406462], [76.22161497495121, 12.64457370301403], [76.22142474855337, 12.644569141652594], [76.22088462112839, 12.644671350502453], [76.21952017691467, 12.644405385899915], [76.21912894934161, 12.64432865844088], [76.21841543352548, 12.643827233340176], [76.21759597397505, 12.64329867209608], [76.21662919648031, 12.642584903570482], [76.21541845809543, 12.641699387916445], [76.21466809435714, 12.641148298655082], [76.21301541203172, 12.63997369682869], [76.21220984430892, 12.639454162979293], [76.21147326987557, 12.638884875936299], [76.21109571919214, 12.638541584926257], [76.21071826563553, 12.638198204883281], [76.21005990793844, 12.637565566897422], [76.20936011397811, 12.636838188931335], [76.20870626817981, 12.63588013665901], [76.20795558788012, 12.63443864572696], [76.2073109925084, 12.633399320822038], [76.20682261746987, 12.632011911520522], [76.20600148428116, 12.63038635094938], [76.20573099518936, 12.629019645840057], [76.20689584476747, 12.628911501464641], [76.20886146058797, 12.628728895022562], [76.21079917314336, 12.628548964962818], [76.21344773862228, 12.627974410590637], [76.21420512966307, 12.626609908820285], [76.21590776842885, 12.624855004155167], [76.21543317729936, 12.621722745508348], [76.21283205465568, 12.617386111180108], [76.21228672285406, 12.616686215596415], [76.20968711826595, 12.616590998975482], [76.2064588210178, 12.616962481933056], [76.20543853655926, 12.616935388957074], [76.20392834012085, 12.614492538899581], [76.20097819958431, 12.610361760287049], [76.20090754524705, 12.607547884127598], [76.20058544766033, 12.605447843942896], [76.19910348094095, 12.603416763772659], [76.19756549275337, 12.601056256541028], [76.19367973443224, 12.596421487961322], [76.19346945225345, 12.596170747082342], [76.19198767169378, 12.594167064758269], [76.19212667720444, 12.591311948387785], [76.1921262886973, 12.589850430453055], [76.19212568165494, 12.587523556966627], [76.19262847192647, 12.586421526832057], [76.19370391360479, 12.584064097979759], [76.19616215555908, 12.57956132289678], [76.19649697225753, 12.577365007589092], [76.19135441047774, 12.576927050343157], [76.1861560925297, 12.577092860147445], [76.18369681185845, 12.577422888855267], [76.18213151665623, 12.576709370341234], [76.18207525237108, 12.575007349409702], [76.17900517374983, 12.575943655175594], [76.17697087490603, 12.57660103441026], [76.17697083713449, 12.576601047900112], [76.17437918255331, 12.57766913312406], [76.17217538218819, 12.5789684574284], [76.17214984503939, 12.578983512079445], [76.17019909501226, 12.579859876232373], [76.16852701161235, 12.580489747903583], [76.16741223718503, 12.580462478660536], [76.16521050795865, 12.580161703100144], [76.16285444067995, 12.57957207878843], [76.16250195859857, 12.57948385889301], [76.16236769701169, 12.579450323173946], [76.16094264928387, 12.57911835013181], [76.1590789554295, 12.578684151152688], [76.15645918534318, 12.578684485700474], [76.15236804434983, 12.579632016804169], [76.1519721528926, 12.578465859611754], [76.15113590839553, 12.576987647561905], [76.15109013560135, 12.576931280754023], [76.14926998871908, 12.574689905814525], [76.14910112661573, 12.573702813534053], [76.149073087553, 12.571156854405329], [76.14843181247824, 12.568049800158176], [76.14806934702278, 12.566284126111556], [76.15006890235799, 12.565852824748104], [76.15199181207254, 12.565442053108313], [76.15242376004852, 12.565975848406707], [76.15408181402455, 12.565168076445616], [76.15582351394409, 12.564086642584527], [76.15689322873959, 12.563396144916226], [76.15773226293364, 12.562854541703812], [76.15766257806558, 12.562402841917676], [76.1565896077243, 12.562225005479661], [76.15608797667886, 12.561978632607861], [76.15519611630776, 12.560774283906142], [76.15318924948434, 12.557434618213106], [76.15157256432246, 12.553328453145639], [76.1496772619961, 12.549331790429843], [76.15132113546207, 12.547210108060082], [76.14976060756607, 12.546909053709896], [76.14818616985593, 12.546621720316182], [76.14261289756723, 12.545280692649895], [76.14255692646105, 12.54205042138989], [76.14089295314733, 12.536676794998128], [76.14041094351029, 12.536411197318953], [76.13957508841963, 12.537150340216101], [76.13862768681832, 12.538300181907914], [76.13614762461322, 12.537561042608106], [76.1344199936878, 12.537040961071565], [76.13400196631773, 12.535398471662177], [76.13375114180178, 12.533838103845481], [76.13358383642498, 12.531292146515398], [76.13335387887844, 12.52880095879726], [76.13285235215437, 12.5286093393496], [76.12978732052846, 12.528253545065127], [76.1250503583874, 12.528116587310707], [76.12192264761217, 12.528349263507776], [76.1193033586631, 12.528513426653376], [76.11685126627299, 12.528896607092802], [76.11601544265864, 12.528431137786814], [76.11417638303368, 12.527007516383833], [76.11501239010977, 12.526049401158957], [76.11679576281426, 12.523968953604367], [76.11796612433722, 12.521532642517512], [76.11891355471681, 12.518822494162803], [76.11780189104451, 12.518218851219048], [76.11679597775225, 12.517672600310277], [76.11634218254574, 12.517361337755572], [76.11531929275122, 12.516659668708767], [76.11531937369023, 12.514770760562216], [76.11531944923325, 12.512881886589867], [76.11531945283053, 12.512881852415603], [76.11369353882583, 12.512699940250114], [76.11189235055161, 12.512498357213472], [76.11165182237374, 12.513175821007394], [76.11147437444288, 12.513675516711773], [76.11091700431638, 12.515564387086838], [76.11091699172584, 12.515564427556342], [76.11002523028021, 12.518055494765292], [76.10912616723886, 12.517906135359906], [76.10606874657543, 12.517398171288622], [76.10586755384458, 12.518173344624186], [76.1057063692536, 12.518794323799055], [76.10513508931297, 12.52060090530756], [76.10513504884347, 12.520601033011303], [76.104563707749, 12.522407757512042], [76.10317053289384, 12.521969578133566], [76.10160987639472, 12.525911552176465], [76.1026406775253, 12.527061375881829], [76.10325347646682, 12.529142001502237], [76.10152596335257, 12.529141777571054], [76.10166536006835, 12.52818368213127], [76.09940830724766, 12.52812868948746], [76.09929683807866, 12.5289772906695], [76.09795934654665, 12.529004551818673], [76.09798685770738, 12.531933726460352], [76.09726230361247, 12.532618027799797], [76.09675710675515, 12.532866117477397], [76.09609191960647, 12.533192770130315], [76.09469861884622, 12.533712732056982], [76.09313826721734, 12.533411425896642], [76.09239955329679, 12.535683414657912], [76.09025394446401, 12.535436764794893], [76.08927848491419, 12.536613739932193], [76.08858160925394, 12.538393106156944], [76.08788497820922, 12.538365588701028], [76.08755056260844, 12.538858269693437], [76.0861572168821, 12.538858123103918], [76.0871602055791, 12.540528155150296], [76.08844174668934, 12.542116154636858], [76.0909495098121, 12.542883029927962], [76.09064800759955, 12.54570418160273], [76.08961181683196, 12.54425159033866], [76.0886642713391, 12.544963175310329], [76.08783376091941, 12.545618615606655], [76.08710354019627, 12.546194842717851], [76.08632359415861, 12.544661663205261], [76.08548769769914, 12.543785525681528], [76.08395504069262, 12.544086462220491], [76.0832861744175, 12.544661176672037], [76.08217146743931, 12.54498952724492], [76.08063889137179, 12.544961824528626], [76.07801906372885, 12.546905040934915], [76.07693218537213, 12.547452284695225], [76.07492573583409, 12.548081523243754], [76.07447939690672, 12.550134590938681], [76.0726961015439, 12.549504669804719], [76.07105201853591, 12.549285271198354], [76.07105201403925, 12.549285311667857], [76.07086453057366, 12.551123318186626], [76.07086452427842, 12.55112334966293], [76.0707727871345, 12.552022706782564], [76.07057685273963, 12.555910002944302], [76.06912763393319, 12.556457220624278], [76.0675390525853, 12.557332841037804], [76.06622932852076, 12.557140957189462], [76.0625231576177, 12.556291400927478], [76.05954144098479, 12.556126417600126], [76.05683830824137, 12.555879306384954], [76.0565039331101, 12.555961284985358], [76.0551946668005, 12.554236296268131], [76.05413582840583, 12.553688485934911], [76.0530489968138, 12.553715546535273], [76.052073562445, 12.5542627911949], [76.05112580920877, 12.555220642019036], [76.05051182675948, 12.558149652984124], [76.04870002018981, 12.559572682633247], [76.0488666321894, 12.561571101225411], [76.0491413732758, 12.562538106248667], [76.04939556665215, 12.563432783296376], [76.0486983744305, 12.56507509643859], [76.04719248754333, 12.56835968225357], [76.04669670748711, 12.570709914730855], [76.04652265359766, 12.571534977956897], [76.04603416974118, 12.573984990215195], [76.04555943112291, 12.577023483746812], [76.04324643237703, 12.57652996458626], [76.04001381568509, 12.575981424003542], [76.03786804857162, 12.575405776055788], [76.03701836280726, 12.574474787981105], [76.03561115133363, 12.573926764508597], [76.03421789284153, 12.57351561785151], [76.03363179567089, 12.575787594022303], [76.03299078409748, 12.575869453012896], [76.0314856274598, 12.57638909747891], [76.02967456822682, 12.57518394028665], [76.02744475317287, 12.575949602392312], [76.0244066976111, 12.576769708555272], [76.02173110031009, 12.57693284287643], [76.0209795161918, 12.574797275873607], [76.01989313695879, 12.573592303941725], [76.01905780707222, 12.571648368977092], [76.01752491174534, 12.572003583198864], [76.017216618752, 12.571757320044357], [76.01707917536373, 12.57164749573536], [76.01618797329638, 12.570305727927064], [76.01501002868991, 12.569747281312006], [76.01462759738575, 12.569565958202475], [76.01430986780622, 12.569565822404853], [76.01393090428786, 12.569565616460066], [76.01393088180481, 12.569565660526848], [76.01348464629945, 12.570386696588798], [76.01348462561504, 12.57038672716578], [76.01334062796764, 12.571010827887449], [76.0129540714733, 12.57268599236471], [76.01231286654559, 12.573205849970066], [76.01139319194232, 12.573232822436863], [76.01061337900427, 12.572082731632806], [76.00991689005247, 12.571562271481694], [76.00888369312798, 12.572286545887437], [76.00796544934605, 12.572930194273113], [76.00711948857361, 12.573760410614513], [76.00643195327206, 12.574435128778248], [76.00601505545052, 12.57458383617512], [76.00520550552972, 12.57487257880649], [76.00456830977976, 12.574744971303458], [76.00356133978408, 12.574543267757633], [76.00250197438669, 12.575309327363641], [76.00130263670735, 12.577307147906597], [76.00101807772216, 12.577719336877921], [76.00013128952747, 12.579003854744144], [75.99909069657843, 12.580589308250012], [75.99833356993838, 12.580598710661999], [75.99740409272476, 12.580585559875715], [75.99722010402462, 12.5807212351969], [75.9972201139172, 12.58072126577383], [75.99733991890218, 12.581105356327159], [75.99728528688655, 12.581348775825402], [75.99725264509357, 12.581494094576838], [75.9971516314427, 12.58187829125018], [75.99707810826813, 12.582104320558019], [75.99706455098828, 12.582633130014981], [75.99706465890694, 12.58285007617013], [75.99699114652424, 12.583098689253173], [75.99691690569068, 12.583323142948757], [75.99680274125359, 12.583668213717147], [75.99669239533785, 12.583916890652004], [75.99666489766696, 12.584052449061344], [75.9966648886737, 12.584052485034187], [75.99661894680702, 12.584197135589363], [75.99657153724672, 12.584214622906588], [75.99654535078736, 12.584224250149077], [75.99644412759449, 12.58423337017393], [75.99635210176814, 12.584274086979576], [75.99635206129864, 12.584274124751115], [75.99610832793707, 12.584482089376989], [75.99594272857411, 12.584613242906869], [75.99582314572166, 12.584717248602201], [75.99582311604405, 12.58471728097777], [75.99549205491445, 12.585173879371096], [75.99528513979743, 12.585499386287722], [75.99530834500416, 12.585928746914188], [75.9953179695487, 12.58681912430319], [75.99529622843824, 12.586854219446705], [75.995253541218, 12.586923082334405], [75.99513857998153, 12.587054210683334], [75.99510962540893, 12.587102447619884], [75.99507883711868, 12.587153679298922], [75.99496923494229, 12.587199150820195], [75.99478439098692, 12.587275811729395], [75.99460955828454, 12.587352710958896], [75.99430595165842, 12.587497473929316], [75.99426712882502, 12.587531434128437], [75.99422315647354, 12.587569858562174], [75.99414039276496, 12.587705485319926], [75.99411746814667, 12.58787723064972], [75.99420500185943, 12.588098677911713], [75.99442596798411, 12.58832907882396], [75.99455922412892, 12.588510136633543], [75.99466536031821, 12.58865443465447], [75.99454583502234, 12.58882619347412], [75.99454580894201, 12.588826225849687], [75.99443085220213, 12.588948271945238], [75.99440834756723, 12.58896901480824], [75.99435721211569, 12.589016094317344], [75.99432501998376, 12.589043240353305], [75.99397994471872, 12.589007182035855], [75.99345074045937, 12.588907985015567], [75.99221288841414, 12.5888091513213], [75.99165600392149, 12.588673712521883], [75.9905653133386, 12.58838492942101], [75.99012812411371, 12.58825410324431], [75.99008217505241, 12.58823146461043], [75.99028450092902, 12.588041541284156], [75.99046849952168, 12.587851646736167], [75.99085942762053, 12.58738600655903], [75.99095600941234, 12.58725039239175], [75.99108941754264, 12.587191520072622], [75.99122276092174, 12.587087504484769], [75.99142054792003, 12.586771075324917], [75.99171469277888, 12.586056848145061], [75.9917283103133, 12.58567266496158], [75.99168221915915, 12.585473799676155], [75.99147502795023, 12.585265999626243], [75.99142899435266, 12.585189176839092], [75.99087664154382, 12.584827792368799], [75.9902230826292, 12.584443945531689], [75.98988248868596, 12.584177410758967], [75.9896476415255, 12.583865615805566], [75.98950953983348, 12.583603565052558], [75.98931604439997, 12.583079344835937], [75.98911344512942, 12.582681696103462], [75.9889476092448, 12.582442213837169], [75.98882337869605, 12.582302133636631], [75.98861617579593, 12.582139559593031], [75.9883446560811, 12.581927247644385], [75.98797644305847, 12.581660748844513], [75.9876817990758, 12.581353518849882], [75.98773673416304, 12.580675501972904], [75.9877547358924, 12.579848451245084], [75.98782338294285, 12.578958045977117], [75.98782763223949, 12.577995286653218], [75.98781799150714, 12.577041636562342], [75.98783614432267, 12.576580698940178], [75.98795566512189, 12.576124136519754], [75.98821751892342, 12.575319485206137], [75.98852995869072, 12.574266302647802], [75.98852536585304, 12.574157803939555], [75.988299858152, 12.574058499000555], [75.9878718959713, 12.573909471445006], [75.98698378757177, 12.573819475388516], [75.98608186558567, 12.57372945235238], [75.98511569423397, 12.573752418339495], [75.98419537121947, 12.573671460469598], [75.98383185895318, 12.573567642732597], [75.98323367489424, 12.573454900123577], [75.98272746000436, 12.573346543508249], [75.98232257442731, 12.573351299123203], [75.98183944333567, 12.573405692818536], [75.98096526183741, 12.573568707529887], [75.98020152787825, 12.57378140438834], [75.97938722054386, 12.574016740779992], [75.9783567800414, 12.57456859626376], [75.97763000372174, 12.575084094855129], [75.97703663013641, 12.575540734617274], [75.97656271080052, 12.575667469777951], [75.97591857408298, 12.575712890937211], [75.9750352024127, 12.575966347768768], [75.97428539175746, 12.57633273696626], [75.97393114250826, 12.576581419297097], [75.97330086884007, 12.576726276696377], [75.97277176620412, 12.576875598330274], [75.9713730524245, 12.576998128261035], [75.97027785983539, 12.576944275957601], [75.969270203657, 12.576822588691583], [75.96875940312401, 12.576732324637137], [75.96886504828342, 12.57628940583146], [75.96895700755988, 12.575936841012435], [75.96924202340074, 12.575276885220145], [75.96962823545476, 12.574417958022368], [75.97007886594696, 12.573753433674081], [75.97058930315387, 12.572862902501011], [75.97108127907785, 12.57191359703495], [75.97148586338193, 12.571099876058495], [75.9719089764182, 12.570494105318746], [75.9723273599198, 12.569743735285217], [75.9726951493617, 12.568902931225354], [75.97295709489407, 12.567949159725968], [75.97323741447514, 12.56703154726813], [75.97369258024844, 12.566095867430363], [75.97430866891, 12.564974757279286], [75.97496630625011, 12.564061496640816], [75.97547684238242, 12.563532542392975], [75.97510405990448, 12.563491953291079], [75.97422521092483, 12.56332055060295], [75.97329574989902, 12.563176208515245], [75.97301969850037, 12.563131183957012], [75.97290002211838, 12.563031755810925], [75.97285401010453, 12.562891700791399], [75.97291358929078, 12.562353792893303], [75.97300085050892, 12.561883693877403], [75.97293636372228, 12.561675821881748], [75.97226913781054, 12.56159926799188], [75.97144087839388, 12.56141425136667], [75.96978435146673, 12.560931136462843], [75.96899756608485, 12.560827506684118], [75.96736415173427, 12.560724027092249], [75.96551462130276, 12.560724715073604], [75.9644978486968, 12.560878632243146], [75.96362831399557, 12.561032619559795], [75.96261617379741, 12.561245362283673], [75.96243687686041, 12.561715462198888], [75.96238066653461, 12.561859779105589], [75.96227138091956, 12.562140364885975], [75.96188055894072, 12.562935951033353], [75.96112180182973, 12.564192660063267], [75.95968243239838, 12.566565948459807], [75.95857432464544, 12.568916505592313], [75.95833300146688, 12.56953706568311], [75.95821572807347, 12.569838628150196], [75.95758556771983, 12.571506110618541], [75.95753073155805, 12.571651212633412], [75.95705705054252, 12.5724377875739], [75.95675809700862, 12.572803964531374], [75.95614648247425, 12.573947630578742], [75.95583963469147, 12.574661432379228], [75.95549358366202, 12.575466390361669], [75.95549357197082, 12.575466432629813], [75.95523232251372, 12.576247927300074], [75.95516718911455, 12.576442770817266], [75.95488223802494, 12.577541143409066], [75.95418700722468, 12.579329037904811], [75.95394889822313, 12.579941362004321], [75.95370284910723, 12.580598583857634], [75.95318568497146, 12.58197995331227], [75.95290996991923, 12.583213909494361], [75.95278129761886, 12.583778900475922], [75.9525745740574, 12.58492695791284], [75.95244021894104, 12.585517217145876], [75.95236778754344, 12.585835471929558], [75.95183888185898, 12.586753112266367], [75.95119052282445, 12.588289980798036], [75.95051930662078, 12.590378256051734], [75.95029185278685, 12.590918348403079], [75.95016523094074, 12.5912190106489], [75.95016521205497, 12.591219057413637], [75.94987222822084, 12.591916469969133], [75.94969619312485, 12.592335497385362], [75.94954906583678, 12.592769426567827], [75.94899282975535, 12.59473111594826], [75.94899281896346, 12.594731146525243], [75.94862959268164, 12.595739098580566], [75.94790284064362, 12.59695055552379], [75.94744758673681, 12.59781396584191], [75.94708871047567, 12.598166599009403], [75.94665157341143, 12.598320338113178], [75.94615013302229, 12.59865944187976], [75.94579126485502, 12.599021119529082], [75.94532670926026, 12.599757970054327], [75.94461854980631, 12.601511780244495], [75.94269065065305, 12.602601492365007], [75.94160028922204, 12.603632204462713], [75.94096084336826, 12.604350987608028], [75.94051930142467, 12.60507419451852], [75.93988017752821, 12.607388444221383], [75.93970084102108, 12.607881139602966], [75.93951239258291, 12.6087399121173], [75.93962297951697, 12.609422386034337], [75.93993136064381, 12.609734118035192], [75.93993140381127, 12.609734150410759], [75.94038704082932, 12.609960034927724], [75.94059981502949, 12.61005321098696], [75.94068619491202, 12.61009104726406], [75.94139500097856, 12.610565451334535], [75.94139502346161, 12.61065507776965], [75.94139501716637, 12.610741722952183], [75.9413444914552, 12.611035501787], [75.94124787099253, 12.611238859186075], [75.94125935173776, 12.611470884273956], [75.9412664240063, 12.611614036558592], [75.94161166654521, 12.612038808843977], [75.94186936457959, 12.612178834185897], [75.94186940235107, 12.612178853071669], [75.94263801243437, 12.612535726542601], [75.94289064908423, 12.612603640645546], [75.94330990582756, 12.612716394945723], [75.94394827339414, 12.61283342462292], [75.9444420596534, 12.612923983654978], [75.94537172212733, 12.613203974983493], [75.94560199173861, 12.613330193034013], [75.94572611526809, 12.613398240236618], [75.94636128304683, 12.613800360398384], [75.94697805249518, 12.614252160908562], [75.94760422525485, 12.61528245302281], [75.94785749412813, 12.61602362299186], [75.94803254356708, 12.616570418889749], [75.94803256065421, 12.616570462057208], [75.94840097602429, 12.617465260513427], [75.94843790668409, 12.61789010114728], [75.94843791297933, 12.617890139818144], [75.9485530801606, 12.618301356622338], [75.94855309994568, 12.618400535656232], [75.9485531206301, 12.61854544521617], [75.94853174914095, 12.618619036739174], [75.94849797060493, 12.618735265120446], [75.94843358813966, 12.618897991149423], [75.9483461956205, 12.619060721674996], [75.94835088468562, 12.619386130565545], [75.94851213582649, 12.620018849490348], [75.94873504178878, 12.620279992827477], [75.94894023560346, 12.62052042387853], [75.94904789164696, 12.620706253490876], [75.94918889904852, 12.62094972604905], [75.94955268560801, 12.621772179442587], [75.94955269460121, 12.621772210918833], [75.94969555820353, 12.622499841594445], [75.94976952564315, 12.622983154349127], [75.94983389102129, 12.623403726800575], [75.94981110399931, 12.624226318689693], [75.94961798178451, 12.624818459304493], [75.9494523662338, 12.625125833190681], [75.94915793718913, 12.625455809737897], [75.94896935744993, 12.62564120767564], [75.94861040924303, 12.625808486972119], [75.94769936993004, 12.626323972973013], [75.946539798473, 12.627060974584369], [75.94559190044589, 12.627698547150262], [75.94538025399561, 12.627897403442491], [75.94538030076035, 12.628046602768563], [75.94547238234463, 12.628371942411261], [75.94530693047051, 12.62904096336979], [75.94466733982591, 12.62953823630062], [75.94411964730392, 12.629484103408684], [75.9437285159583, 12.629457115653395], [75.94352595535861, 12.629339644409127], [75.94248111671021, 12.628946718915984], [75.94170326969021, 12.628657607562614], [75.940782872032, 12.628535824968422], [75.93961852787282, 12.628536058792122], [75.93914903230205, 12.628536153220923], [75.93766728861453, 12.628916166248132], [75.93705524510352, 12.629164916927436], [75.93703740255415, 12.629179226040494], [75.93660432592895, 12.629526535221487], [75.93639775525224, 12.629641713194529], [75.93561494307522, 12.630078186559102], [75.93561950893326, 12.63008266158562], [75.93572527550111, 12.630128346246238], [75.9378472537478, 12.63104489120883], [75.93853382137883, 12.631480963475724], [75.93855146517802, 12.63149216902843], [75.93855149485569, 12.631492188813521], [75.93952733302007, 12.63216991161215], [75.94023161369807, 12.63264884736645], [75.94106932948603, 12.633263302859175], [75.94106936096227, 12.633263330738144], [75.94121943622804, 12.633420789437933], [75.94173687555644, 12.633963719150358], [75.94230317954816, 12.634835882569973], [75.94350943211464, 12.636553067869839], [75.94353708536823, 12.636729320601713], [75.94335320009014, 12.6374479562582], [75.94335318210375, 12.637447999425659], [75.94264940594536, 12.638926101758214], [75.94214297701683, 12.639800419953472], [75.94166491720222, 12.640625732291765], [75.94089666055248, 12.64194113017908], [75.94028018338383, 12.642953681367374], [75.94013296886146, 12.643098307640855], [75.93847155052168, 12.643523568258104], [75.93805274074145, 12.643546262649973], [75.93780879334122, 12.643614093115959], [75.93781924885928, 12.643657561847077], [75.93782725552347, 12.643690939285475], [75.93796164121682, 12.644058176543636], [75.93819104478092, 12.644685198263346], [75.93829972065566, 12.64511773169801], [75.93842604032955, 12.64562070543127], [75.93849180505282, 12.646018984588524], [75.93850438566892, 12.646095206628559], [75.93850439016552, 12.646095253393296], [75.93850443153435, 12.6462360017901], [75.93850448909097, 12.646470384900399], [75.9385186057491, 12.64775397826355], [75.93860640206384, 12.649295155447135], [75.9387630639643, 12.650063463358208], [75.93885083869532, 12.651319885504336], [75.93887617979192, 12.652043623914155], [75.9389111184534, 12.653041893868362], [75.93932082439659, 12.65338982178292], [75.94024151523382, 12.654144402442283], [75.94038648684693, 12.654335142352974], [75.94044413788669, 12.654411004664153], [75.94061043692217, 12.654735811008946], [75.94090919080656, 12.655319351407002], [75.94119014351037, 12.655947505373149], [75.94183952057745, 12.65747952925693], [75.94207438572437, 12.658012790358045], [75.94270345789835, 12.65921613181905], [75.94298157144244, 12.659748124876101], [75.94347889473528, 12.660620302684888], [75.94403141391865, 12.66141558306276], [75.94403144179768, 12.66141562353226], [75.9445609455313, 12.6620934587462], [75.94512262251106, 12.66263114720971], [75.94595591723186, 12.663295328016995], [75.94612538637756, 12.663392608582058], [75.94644387408556, 12.663575428163542], [75.94690880919427, 12.663724455719091], [75.94776037094442, 12.663868867054644], [75.94785097943918, 12.663942545811892], [75.9479215060727, 12.663999894679417], [75.94789582593165, 12.664206298981583], [75.9478939535432, 12.664221331149577], [75.9478939472479, 12.664221363525145], [75.94780197358227, 12.6645061275558], [75.9473971716422, 12.665401124762127], [75.94753084237453, 12.666079039116424], [75.94665185489924, 12.66649956929973], [75.94665181173178, 12.666499592682099], [75.9462560776559, 12.666915501249434], [75.94662455507921, 12.667801260619738], [75.94609525459238, 12.667932469907612], [75.94527130112971, 12.667828727713637], [75.94508729624181, 12.668221975164045], [75.94458115239831, 12.668900061288864], [75.94434786646093, 12.668804281692301], [75.94413002727903, 12.66871484321547], [75.9434903143266, 12.669081102011319], [75.94349034310488, 12.669081128091644], [75.94394149340525, 12.669474208268126], [75.94368487635603, 12.669568566935881], [75.94322811878271, 12.669736517126635], [75.94274941505353, 12.669736631340523], [75.94256073998622, 12.669917461621592], [75.94293835632016, 12.670590802023922], [75.94300886316853, 12.670770037807074], [75.94303969372692, 12.670848395736922], [75.94303970541813, 12.67084843081051], [75.94306484866388, 12.6709583162733], [75.94309036872562, 12.671069845696877], [75.94306135209979, 12.671137078113698], [75.94302597546846, 12.671219013546704], [75.9424398773985, 12.671149122733878], [75.94215598930754, 12.671115265956812], [75.94165430969866, 12.67123741817238], [75.94166015079537, 12.671476198068149], [75.94167290498063, 12.671996716675208], [75.9416730290871, 12.672484839903456], [75.94122206314773, 12.672982108337692], [75.94094597937351, 12.673379899163079], [75.94085547879735, 12.673738216945198], [75.94078045285568, 12.674035289097391], [75.9403754512661, 12.67433368235362], [75.93971271836733, 12.674740603096382], [75.93963920508531, 12.675287499718364], [75.93972956626652, 12.67578661266208], [75.93977748394377, 12.676051290334836], [75.93991566207819, 12.67646702173573], [75.94050953388796, 12.676747167747633], [75.94205166345358, 12.677243912776415], [75.94381019238654, 12.677659347401004], [75.94474928695007, 12.677912227767136], [75.9452925179354, 12.678147126188945], [75.94573444209091, 12.678219255414376], [75.9463327790346, 12.678155906270092], [75.94679764309683, 12.678002088925327], [75.94741443952483, 12.677780439315882], [75.94788850455092, 12.677617648535714], [75.94897942536022, 12.677576713194807], [75.95035568756498, 12.677494957626266], [75.95044778443776, 12.677481357178916], [75.95315426086052, 12.677042238008935], [75.95415758680326, 12.676797896705637], [75.9544845488229, 12.677186464084116], [75.95589827138815, 12.679170210237091], [75.95726819966774, 12.680478603304948], [75.95727965523196, 12.680489542658332], [75.95866110202832, 12.682098124928586], [75.95963276374113, 12.683322658913653], [75.95987822470039, 12.683696134768867], [75.95995053289084, 12.683806169519128], [75.95995055177661, 12.683806205492033], [75.96008418114013, 12.684267137718278], [75.96001066695881, 12.684678439958079], [75.95992788166649, 12.684899928588889], [75.9598312540092, 12.685021984576961], [75.95972542089152, 12.68515308774488], [75.95972539301255, 12.685153119221123], [75.95961958867316, 12.685275153625467], [75.95956284864661, 12.685371788477308], [75.95955057469934, 12.685392682426423], [75.95953615766757, 12.685587724693788], [75.95951849768056, 12.685826580132641], [75.95946706545277, 12.686256998361843], [75.95939913785999, 12.68682545982716], [75.95892545234778, 12.688217655320615], [75.95870936144792, 12.689022204111495], [75.95871888976501, 12.689998458661986], [75.95877869647973, 12.690196877883634], [75.95887555796071, 12.690518173275107], [75.95916568734663, 12.69092486109349], [75.95982861719699, 12.691480269798658], [75.96017410255286, 12.691769718397836], [75.96083270036888, 12.692759325182749], [75.96108328926243, 12.693241164847905], [75.9611781632417, 12.693423611210733], [75.96129249135544, 12.693638865741093], [75.96146376364186, 12.69396134553972], [75.96093011043632, 12.69498295559896], [75.96103150539972, 12.69536258191766], [75.96218320149359, 12.69789322559194], [75.96218321678208, 12.697893258866825], [75.96288344151765, 12.699425166738079], [75.96288348198715, 12.699425189221131], [75.96352810613723, 12.699953761257119], [75.96398401205255, 12.700414635027412], [75.96428336398611, 12.700798694104494], [75.96455512651795, 12.701309285095476], [75.96455514360503, 12.701309327363617], [75.96473488480717, 12.701892302987458], [75.96476724870962, 12.702303588140126], [75.96472131943341, 12.702610919758172], [75.96444084516895, 12.703591784233481], [75.96407286776866, 12.704473238549154], [75.96378759652043, 12.70492077987012], [75.96362656571347, 12.705151290499712], [75.96362654592843, 12.705151318378684], [75.96318016743083, 12.705630547311955], [75.96251745701511, 12.706227344616307], [75.96266947931309, 12.706561760217083], [75.96292283811852, 12.706780296373609], [75.96335562156474, 12.70715361214951], [75.96363197603495, 12.707560291874017], [75.96372104399103, 12.707761431544897], [75.96383008499049, 12.708007674014993], [75.96399609174631, 12.708816636678476], [75.96401930954357, 12.709390626276441], [75.9641437298493, 12.709792790504933], [75.96414374243983, 12.709792832773076], [75.96426124336178, 12.709897632569719], [75.96439702300427, 12.710018736175757], [75.96453981915738, 12.710098166996886], [75.9648436614059, 12.710267167595761], [75.9651890136621, 12.710578884308122], [75.9651890442391, 12.710578913086406], [75.96522116802254, 12.710650930795852], [75.9652535526094, 12.710723517776158], [75.96524904340868, 12.711012779316377], [75.9652323358037, 12.71110434828711], [75.9652168782564, 12.71118905632994], [75.96510181899379, 12.71127948585962], [75.96493616207425, 12.711365385504168], [75.96493611530951, 12.711365413383188], [75.9645028291423, 12.71136554648285], [75.96443430709763, 12.711365568965903], [75.96416267856483, 12.711329502554577], [75.96346750262319, 12.711248373813476], [75.96303938306113, 12.711311785910254], [75.96270335857321, 12.711442960124545], [75.96091739402254, 12.71221637438623], [75.95965616769803, 12.71280883426033], [75.95971432415678, 12.71320758106503], [75.9597484507305, 12.713441522608207], [75.95974844983114, 12.713441558581112], [75.95955776298041, 12.713477035936535], [75.95940779473398, 12.713504937403], [75.9584457125996, 12.71379900402087], [75.95678389945743, 12.714319293300774], [75.95519578485766, 12.714798799225262], [75.95335457495372, 12.715707729628095], [75.95140173670086, 12.716709878358246], [75.9513890616559, 12.716720743967185], [75.95047769409035, 12.717186450694214], [75.94980098302898, 12.717439758238296], [75.94847049361846, 12.71750336099137], [75.94550114716026, 12.717825084460115], [75.94474158335743, 12.717960811941962], [75.94395898342043, 12.718290926085446], [75.94321790608154, 12.718729547031046], [75.94251374051674, 12.71945284837028], [75.94191543864662, 12.720243947799984], [75.941091851208, 12.722255384078776], [75.94040181039531, 12.724492748941257], [75.93996250056898, 12.725717807231094], [75.93994635234236, 12.725762836285922], [75.93994633885251, 12.725762872258771], [75.93960128337261, 12.72667587748981], [75.93960126538616, 12.72667591705999], [75.9386946912071, 12.728312235321424], [75.93843578358462, 12.728697452725328], [75.93822985592317, 12.72900384455181], [75.93754410037997, 12.729889824256022], [75.9375440769976, 12.729889848537711], [75.93643015422828, 12.730956725072868], [75.93599020678266, 12.731462875211546], [75.93578576300264, 12.7316980722083], [75.93538138824056, 12.732226661331424], [75.93514602217124, 12.73253432389998], [75.93514599968819, 12.73253435717487], [75.93462594243334, 12.73343388786367], [75.9345247345289, 12.733799967694377], [75.934561671484, 12.734274539038779], [75.93447436619908, 12.735015776456978], [75.93447436979636, 12.735020302744827], [75.93420288605438, 12.735734456180237], [75.93416114312231, 12.735834500361932], [75.93415464821852, 12.73585006852591], [75.93408784657692, 12.736010178427023], [75.93408784657692, 12.736010224292443], [75.93408784837555, 12.736014697520316], [75.93408784927487, 12.736014730795262], [75.93412938716153, 12.736466652713883], [75.93423538935178, 12.736941191682718], [75.9344703687126, 12.737682363450345], [75.93471003623921, 12.738757989489667], [75.93497734083167, 12.73991045090662], [75.93510519924558, 12.740368156365378], [75.93525381850895, 12.740900179999356], [75.93532292871026, 12.741112588175442], [75.93532294040142, 12.74111262594698], [75.93569618243293, 12.742450320725762], [75.93619382858236, 12.744167633729376], [75.93619384027357, 12.744167675098199], [75.93648874416027, 12.745130293228499], [75.9367698227692, 12.746052237720619], [75.93689885389904, 12.746558406745121], [75.93712929258282, 12.747453244771462], [75.93740116842923, 12.748397791025297], [75.93740117742243, 12.748397826998142], [75.93760861594495, 12.749423698944613], [75.9375627792989, 12.750291495256361], [75.9373824760205, 12.751296997558427], [75.93721780925455, 12.751786929323375], [75.93680699624593, 12.753580724271043], [75.93680698815206, 12.75358075844531], [75.93677624662655, 12.753730467686976], [75.93672579376044, 12.75458017953173], [75.93667066801697, 12.755090900025035], [75.93646817036984, 12.755515790121649], [75.93627067385256, 12.755747274717008], [75.93618276242461, 12.755850307345836], [75.93569482085934, 12.756211945424978], [75.93569477949052, 12.756211975102646], [75.93489833898725, 12.756790661859606], [75.93453006660934, 12.757129706270975], [75.93447485363163, 12.757301477681095], [75.93468221121515, 12.758029086772982], [75.93485265252792, 12.75832733613771], [75.9350295212954, 12.758521987200023], [75.93519346860376, 12.758702401994299], [75.93532244847228, 12.758932876650988], [75.93530867085855, 12.759054876881123], [75.93530866726127, 12.75905490925669], [75.93527191017057, 12.759416487980559], [75.93523057822864, 12.759872978455236], [75.93505664844565, 12.760097455533186], [75.93490835203886, 12.760288852848307], [75.93477948008899, 12.760528419650882], [75.93466445320202, 12.760912614525578], [75.93444365794852, 12.761893415149018], [75.9342181556434, 12.762435821456048], [75.93378083781545, 12.762960190960086], [75.93355115905882, 12.763190474061162], [75.93334348761192, 12.763398678806025], [75.93308110410972, 12.76371059336924], [75.93298448454641, 12.764054103813862], [75.93303743662847, 12.764218944148979], [75.9330904732468, 12.764384022804446], [75.93346351832679, 12.764736469812304], [75.93373985301184, 12.765075351446342], [75.93373987639421, 12.765075382922644], [75.9342373228942, 12.765726108073467], [75.93465838367752, 12.766296423041524], [75.93485453121173, 12.766562114250235], [75.93508483769517, 12.76688746378545], [75.93533819470196, 12.76727158761372], [75.93555921838328, 12.76742065743741], [75.93555925345686, 12.767420688014395], [75.93570306494456, 12.767459864281365], [75.93580792229784, 12.767488429447495], [75.93593575283279, 12.767498483867993], [75.93634310794812, 12.767530524014546], [75.936839392524, 12.767569559087915], [75.93828527664425, 12.767600878877492], [75.939054273436, 12.767668496204179], [75.94015939094322, 12.767668240796752], [75.94072576508205, 12.76761839587232], [75.94194594095245, 12.767346933714068], [75.94255372167697, 12.76721119544038], [75.94366798528932, 12.766948786757151], [75.94426019245397, 12.766832382108817], [75.94433563837907, 12.766817553187595], [75.94469476015513, 12.766695434246968], [75.94494351173375, 12.766568708079488], [75.94555571532408, 12.766256815999327], [75.94602070709004, 12.765994567395412], [75.94656855969134, 12.765596693832375], [75.94719473514898, 12.765393144877804], [75.9474341985295, 12.765460881814304], [75.94743423540172, 12.765460908793953], [75.94862239900459, 12.766170152830341], [75.94945960127961, 12.766644960696453], [75.950183637365, 12.767055583048773], [75.9514869663505, 12.76774673272558], [75.95291455106576, 12.768175700348362], [75.9537894466257, 12.768347183975436], [75.9537894978871, 12.768347197465232], [75.95462303632411, 12.768636218886456], [75.95490398632995, 12.768821429765238], [75.95492453224142, 12.768897551980501], [75.95494547115663, 12.768975097822532], [75.95504238299964, 12.769693685815014], [75.95508404499276, 12.770037629732883], [75.95514858483938, 12.770570462756723], [75.9551764952991, 12.771519580264453], [75.95520442104726, 12.772473220462814], [75.9551999397255, 12.772875460234333], [75.95520476728626, 12.773612156975503], [75.95511741343796, 12.774037028186342], [75.95510522312759, 12.77436069958668], [75.95509000929655, 12.774764693935536], [75.9551066350632, 12.775016439357216], [75.95511776867018, 12.775185011878817], [75.95512250989594, 12.77560985521069], [75.95512251169464, 12.775609891183592], [75.95515024948446, 12.775966887861614], [75.95527468238072, 12.776287750679217], [75.95575379620078, 12.77705140549801], [75.9557538123886, 12.7770514342763], [75.95598421060288, 12.777494298223358], [75.95611337932905, 12.77773909818086], [75.95611339821482, 12.777739126959206], [75.95625604867774, 12.778009444280485], [75.95637915867127, 12.778432784845164], [75.95655569109232, 12.779039830823589], [75.95667919678755, 12.779639193893725], [75.9567493942692, 12.779979855286115], [75.95686466397314, 12.780440821686621], [75.95709973416547, 12.781132254649888], [75.95733011709126, 12.781561549625849], [75.95758221504724, 12.781813581031994], [75.9578091805493, 12.782040491675385], [75.95828360530419, 12.782383835745463], [75.95876720853988, 12.78263678895672], [75.95908038305328, 12.782707797626813], [75.95938431973065, 12.78277671177585], [75.9597221275742, 12.782791149492025], [75.95990929357909, 12.78279915615616], [75.96138130480342, 12.78281236449908], [75.96330924712413, 12.78289424147613], [75.96351957606765, 12.782829641374917], [75.96384651920158, 12.782779821631491], [75.96409050797064, 12.782639676679763], [75.96454636262462, 12.782309602106519], [75.96494221361235, 12.782038215491298], [75.96535207423887, 12.781925092469066], [75.9661256773582, 12.78183451005464], [75.96643418439015, 12.781856946341062], [75.96674734991035, 12.781947309320913], [75.96705140709679, 12.78215057319045], [75.96756724653125, 12.782521009337186], [75.96810161110051, 12.78294564582495], [75.96842396949063, 12.783135387488187], [75.96878785047898, 12.783279859977597], [75.96915169819238, 12.78336557885842], [75.96997604016218, 12.78349637355882], [75.97050109944627, 12.783731274678644], [75.97077290244755, 12.784006850335913], [75.97104754101127, 12.78447306517984], [75.97113693452197, 12.784761501142437], [75.9712199689265, 12.785150159352435], [75.97124025493389, 12.785478096237226], [75.9712524002781, 12.78567442363578], [75.97123753988063, 12.785843903573321], [75.97122030167566, 12.786040524150904], [75.97114672544109, 12.7863207663903], [75.97100211715407, 12.78664633805812], [75.97092587622825, 12.786818008744149], [75.97069231869563, 12.787192292190577], [75.97040119376015, 12.787658825394544], [75.97032015045465, 12.78778549130743], [75.97019870060963, 12.787975275238805], [75.96996162043251, 12.788430090276503], [75.96980754588162, 12.788725665956747], [75.96934744912551, 12.789833128895848], [75.96898860523999, 12.79081400955897], [75.96871933652824, 12.791524333681084], [75.96856533931901, 12.791930498993395], [75.96820185942835, 12.792830025185536], [75.96783382716944, 12.793883219435088], [75.96759464437741, 12.79468780689683], [75.96734170735397, 12.795650554529516], [75.96710727568029, 12.796861884668315], [75.96695103825988, 12.797783944273643], [75.96697416072897, 12.798104787306164], [75.96697416702426, 12.798104828674978], [75.9671171349479, 12.798678771508149], [75.96726644668922, 12.79910995685907], [75.9672915260831, 12.799182390055305], [75.96745827837691, 12.799663932044893], [75.9677395296556, 12.800585842362805], [75.9678916382885, 12.800997042979189], [75.96789164997972, 12.800997073556175], [75.9681498228561, 12.801747242141573], [75.9682973620337, 12.802217231440125], [75.96851866720277, 12.802931248178595], [75.96865700811446, 12.803396731873702], [75.96883678349081, 12.803884771465107], [75.96901199570709, 12.804431597939923], [75.96907882522765, 12.804758914292503], [75.9691365769915, 12.805041699814636], [75.96889712080554, 12.8051366637261], [75.96833063874806, 12.805209192250457], [75.96732675882294, 12.805214021609855], [75.96649772509, 12.805245938549259], [75.96548455067153, 12.805268872160752], [75.96507004054996, 12.80521031640302], [75.96414429102629, 12.804894215495723], [75.963527089004, 12.804645833538414], [75.96256904032902, 12.804212212823415], [75.96205834951326, 12.803985737451853], [75.9617952087819, 12.803869012644837], [75.96080492570684, 12.803498713195097], [75.96026144111266, 12.803272911415771], [75.95911911865244, 12.802699259962935], [75.95840060620304, 12.802446378697482], [75.95840056483428, 12.802446369704226], [75.95810524366215, 12.80237490237988], [75.95765448546621, 12.80226581821301], [75.95697435428309, 12.802270516271337], [75.9562867092643, 12.802275262893087], [75.95566497375961, 12.802221207342882], [75.9544353181355, 12.802104053559274], [75.95422046470276, 12.80203254306747], [75.95368917851283, 12.801855695883717], [75.9527081377704, 12.801485355065152], [75.95236650600954, 12.801323793658186], [75.95180076409406, 12.801056244450193], [75.95089347135666, 12.800767251807255], [75.95089343628314, 12.800767242814059], [75.94992165945706, 12.800559599246188], [75.94965581446434, 12.800550673474843], [75.94938744147731, 12.80054166316728], [75.94919403597606, 12.800591443340464], [75.9490114286346, 12.800704537584407], [75.9488947424984, 12.800776815197933], [75.94873362895385, 12.801029955468097], [75.94866775900994, 12.801281065968453], [75.94861862185195, 12.801468389354737], [75.94857739782873, 12.802268371388262], [75.94853149283422, 12.80276101101191], [75.94848105165926, 12.803542928363523], [75.94849892478561, 12.80416809118452], [75.94849965683375, 12.804193734453351], [75.94850441065012, 12.804695387082518], [75.94850441065012, 12.804695423954682], [75.948476954348, 12.805355297009385], [75.94791376111124, 12.806473010421142], [75.9467966259636, 12.80772852425207], [75.946239498654, 12.807990799835578], [75.94562240455036, 12.808108435655809], [75.94490394156374, 12.808131223577165], [75.94407494290436, 12.807959677896859], [75.94300638014039, 12.807788240135208], [75.94234321736565, 12.807765773271855], [75.94175371446244, 12.807820166067868], [75.94127481558036, 12.807906111577834], [75.94035834346283, 12.808159469483996], [75.9394465658064, 12.808363069699965], [75.93849789526172, 12.808462692998942], [75.93763209004896, 12.80850806289686], [75.93681229145415, 12.808535362716837], [75.93569320477764, 12.80850403123611], [75.93413191425651, 12.808427471051004], [75.93375424845988, 12.808386897237538], [75.9327594229091, 12.808025541545536], [75.93208235032029, 12.807754502968008], [75.93187374088052, 12.807726373073704], [75.93158034515687, 12.807686809198913], [75.93126905652178, 12.80771019247146], [75.93097704755274, 12.807732115244962], [75.93046125848036, 12.807831656705615], [75.93016193532509, 12.807967305047155], [75.92990408440602, 12.808170725398726], [75.9294574415078, 12.808613745827758], [75.929010813898, 12.809083871823244], [75.92901079051563, 12.80908389970227], [75.92855961053766, 12.809734782234443], [75.92824194660858, 12.810227484810639], [75.92813032995082, 12.810391836813888], [75.92800252459688, 12.810580051428303], [75.92758813768245, 12.81109988385259], [75.92758811609872, 12.811099856872943], [75.92725661430137, 12.811307816102897], [75.92704473492665, 12.811488657175856], [75.92648758153673, 12.811859411682576], [75.9260639828666, 12.812202898744827], [75.92570015673692, 12.81258719884022], [75.925456129297, 12.812894506176574], [75.92526742994802, 12.813305871368927], [75.92516156535403, 12.813748827046762], [75.92503731052352, 12.814246033427763], [75.9249775442783, 12.814946506376202], [75.92502369029114, 12.815290036605969], [75.92524026862355, 12.815751026388796], [75.9255903782934, 12.816148629255904], [75.92606017603634, 12.816663798695398], [75.92653468442819, 12.817097620858593], [75.92713817898385, 12.817775468663003], [75.92750672205761, 12.818236335238737], [75.92765412453826, 12.818615962456757], [75.92780160346126, 12.819018228308662], [75.92791688755439, 12.819664474835687], [75.92796303626517, 12.820161637149909], [75.92797699823996, 12.820902882661981], [75.92777572277146, 12.821756521846051], [75.92670012371178, 12.822988413184758], [75.9249047414607, 12.8236271359836], [75.924790410649, 12.82368298208399], [75.92441494279541, 12.823877161002201], [75.9242746188786, 12.823949723700823], [75.92427458830167, 12.823949738089992], [75.9237357981686, 12.824193879743797], [75.92301276752528, 12.8245555699836], [75.92274514457284, 12.82472532601304], [75.92271341828969, 12.824745451041792], [75.92245555208211, 12.82498050594563], [75.92205032476272, 12.825409935819946], [75.92180628653097, 12.825753466948983], [75.92180626134996, 12.825753508317804], [75.92148398569742, 12.826350106871985], [75.92119850760508, 12.826811158708042], [75.92092682151565, 12.827123045392284], [75.92066435527585, 12.827516294641327], [75.92045716496625, 12.827855299482506], [75.92018088603913, 12.828103893679781], [75.92018085816011, 12.828103917062148], [75.91983084291911, 12.828316388190787], [75.91945782032218, 12.828447561505811], [75.91926893931014, 12.82847016416679], [75.91893732239959, 12.828361686142953], [75.91830172474488, 12.828036412150764], [75.91795158809538, 12.827742707959658], [75.91761991093023, 12.82745803925718], [75.91729748149362, 12.82696993221663], [75.91712236010886, 12.826536069583993], [75.91705313839168, 12.825962093475878], [75.91711765575525, 12.825595984866876], [75.91735696894904, 12.824818574018026], [75.91771140975379, 12.823770022968233], [75.91823635032739, 12.822599307112398], [75.91858157577917, 12.8216592322878], [75.9187058773744, 12.821261426173917], [75.91873799216468, 12.820804955484334], [75.91866428732703, 12.820348468606996], [75.91844307029152, 12.819688694477689], [75.91817127898139, 12.819304519388083], [75.91788565519886, 12.819101202458567], [75.91714876420417, 12.818861775950266], [75.91641179406912, 12.818590746365883], [75.91515440964832, 12.817976257598277], [75.91455559966124, 12.817610199351291], [75.91395221931953, 12.817108568305853], [75.91341784575701, 12.816607005608883], [75.91284209798448, 12.816010461913319], [75.91237228405373, 12.815612856348304], [75.91198533635423, 12.815405011332244], [75.91126687066958, 12.815292101449357], [75.91061750619303, 12.815400610050174], [75.90977477938264, 12.815690018179849], [75.90913002483086, 12.815988319705239], [75.90863721253737, 12.81622794496371], [75.90798791550998, 12.816639278679814], [75.9074997823891, 12.816910540289255], [75.906574090422, 12.817231509226813], [75.90593846488832, 12.81739878672465], [75.90502206831388, 12.817760483259745], [75.90457995799869, 12.818072333971088], [75.90396285040526, 12.818592223952011], [75.90357602411427, 12.818971834982218], [75.90334574371116, 12.819202375289423], [75.9028392329443, 12.819902946263994], [75.90283921136057, 12.819902976840975], [75.90253528367646, 12.82032784355516], [75.9024247525004, 12.820499596978888], [75.90218075833536, 12.821344748361469], [75.9021807466442, 12.821344787931649], [75.90204262606642, 12.821796748521194], [75.90188610446023, 12.822533471342693], [75.90174798747972, 12.823062277202379], [75.90168697567344, 12.823436710835608], [75.90163751925616, 12.823740229328166], [75.90146258223245, 12.824558292231474], [75.90139672937562, 12.824786706541316], [75.90132445805733, 12.82503738266911], [75.9011771329184, 12.825624944835395], [75.90105282053128, 12.826076916216776], [75.90086863038306, 12.826479176672706], [75.90078115422693, 12.826836240799933], [75.90057394143429, 12.827193296833226], [75.9003114401209, 12.827613645353495], [75.90007656777942, 12.827848684069577], [75.89970816499988, 12.828029474780466], [75.8997081209331, 12.828029492766914], [75.8993673084546, 12.828142506071856], [75.89892974331303, 12.828210341933755], [75.89857600218079, 12.828228104443495], [75.89829876997231, 12.828242025948782], [75.89764013798202, 12.828201401773297], [75.896359750702, 12.828056867230712], [75.89635971562842, 12.828056862734059], [75.89578858767322, 12.828043338729172], [75.89523589132341, 12.828097608318043], [75.89481218293594, 12.828224179802078], [75.8946400311126, 12.828307318528005], [75.89452202836895, 12.82836430496877], [75.89390947674104, 12.82864455620137], [75.89291466018346, 12.829186963407665], [75.89291462510994, 12.829186979595475], [75.8922007783433, 12.829480774618105], [75.89182650389012, 12.829606906333709], [75.89143622869904, 12.829738430384282], [75.8908927566954, 12.829987029977474], [75.89010057717996, 12.830411911980207], [75.88964491318228, 12.830641310148394], [75.88939129807, 12.830768988697914], [75.88891230565844, 12.831053742835993], [75.88843795105066, 12.831370114439263], [75.88843792047373, 12.831370135123679], [75.8877746974444, 12.831844714561953], [75.88725181182173, 12.832075392465415], [75.88677062056775, 12.832287660347275], [75.88652785217869, 12.832355039353615], [75.88610279570753, 12.832472990835925], [75.88492831978618, 12.832680914992293], [75.88427888516247, 12.832879798264116], [75.8834544433679, 12.833277539626806], [75.88345440379777, 12.833277561210538], [75.88213717399145, 12.833819909960935], [75.88175488567947, 12.83395479297934], [75.88131733043053, 12.834109174199055], [75.88024420180852, 12.834294478607374], [75.88024415864106, 12.834294485801934], [75.88024399946107, 12.834294472312079], [75.87952563719847, 12.834235733092669], [75.87912343519844, 12.834125376385089], [75.87855379022528, 12.833969076012123], [75.87763722997425, 12.833657219904808], [75.87712136625811, 12.833313735540514], [75.87672068411234, 12.832997384621645], [75.87672064454216, 12.832997348648744], [75.87624163774143, 12.832477593566123], [75.87593303897866, 12.832097941167092], [75.87574421822114, 12.831646009355893], [75.87564284843876, 12.831203073463143], [75.87552775590126, 12.830443763269102], [75.87550008645985, 12.829865242886681], [75.87551394321395, 12.829295791267779], [75.87561987885437, 12.828902553709952], [75.87573042172164, 12.828676582858066], [75.87597910854907, 12.828369292608839], [75.87630154518024, 12.828156834070683], [75.8765364058305, 12.828043890013587], [75.87675749516234, 12.827953462282494], [75.87696932597368, 12.82782690968418], [75.87708910937494, 12.82768685016805], [75.87731016453252, 12.82732525615569], [75.87742995782634, 12.827017883168821], [75.87752659987274, 12.826493644066488], [75.87756808649806, 12.825458640404008], [75.87748976364173, 12.825006690606358], [75.87728252926536, 12.824342261586139], [75.87711210773762, 12.824039503020684], [75.87679889005676, 12.823637216484425], [75.87646266771799, 12.823375133355796], [75.87617255721779, 12.823262135339347], [75.87561065900479, 12.823225973599843], [75.87465269306739, 12.823198794289], [75.87336765629237, 12.823289133886478], [75.87263538691366, 12.823289166262045], [75.87137340695722, 12.823117413737693], [75.87063190423902, 12.822990780200369], [75.86944368038161, 12.822620144404196], [75.86905672998415, 12.822348987116127], [75.86798823017273, 12.82167097653439], [75.86666187494563, 12.820721796973372], [75.86622431699868, 12.820310473149846], [75.86530323675504, 12.819704866086738], [75.86464926235362, 12.819370319184939], [75.86413544369583, 12.819106086676582], [75.86381052043924, 12.818819044663256], [75.86377885441067, 12.818705871279011], [75.86376961387663, 12.818357857928847], [75.86374203706544, 12.817707110294974], [75.863751312673, 12.81704267318088], [75.8638388122115, 12.816699169930812], [75.86401384096604, 12.816260777412992], [75.8643362416243, 12.815682320882447], [75.86453427593614, 12.81516257029642], [75.86468636928055, 12.81458409577942], [75.8647047882954, 12.814208910313026], [75.8646540998069, 12.813689232572074], [75.86459423733425, 12.813250767209183], [75.86459893539262, 12.812834998036804], [75.86465420502759, 12.812523166211177], [75.86481544177929, 12.81196270421549], [75.8649029107408, 12.811320901238673], [75.8650088949446, 12.810769528690853], [75.86501809590845, 12.81008256266017], [75.86497212976002, 12.809513055283333], [75.86488460953717, 12.808966251291507], [75.86480636672053, 12.808550442548947], [75.86464517673357, 12.80810744190495], [75.86454385281661, 12.807867956940697], [75.86413403625681, 12.806882656109732], [75.86396371365453, 12.806041954572605], [75.86400053010044, 12.80564423119637], [75.8642077887585, 12.805151644632755], [75.86420780764428, 12.80515161765311], [75.86459006807723, 12.80475391406196], [75.86539603689766, 12.80400369241653], [75.86539607466915, 12.804003652846344], [75.86575525400184, 12.803578907540611], [75.86575527558557, 12.803578870668387], [75.86594411253083, 12.803108840001013], [75.86594412512136, 12.803108795034918], [75.86595844052965, 12.803004215572114], [75.86598557487446, 12.802806028375587], [75.86598556767984, 12.80280598520812], [75.86597083588543, 12.802628021965687], [75.86593954397483, 12.802250113352102], [75.86589350138405, 12.801987972666836], [75.86564483703967, 12.801413959686558], [75.86552511749022, 12.801038834474694], [75.8655067218578, 12.800609507123111], [75.86550671466318, 12.800609470250892], [75.86553998688095, 12.80040544375629], [75.86559884571022, 12.800044522436792], [75.86555281570992, 12.799574464789773], [75.86545611970422, 12.799285223034644], [75.86540197602045, 12.799193116269347], [75.86524891860279, 12.798932722966866], [75.86524889252242, 12.798932678900089], [75.8648528382879, 12.798548491219945], [75.86435550869982, 12.798028730741407], [75.8640331709941, 12.79750894328316], [75.86392731449405, 12.797165411254753], [75.86387663050215, 12.796840037437844], [75.8639364929748, 12.796501015509536], [75.86406543237388, 12.796143975663993], [75.86432336782924, 12.795579089003807], [75.86448921990166, 12.79505482472041], [75.86460434661336, 12.794598345936944], [75.86474250586201, 12.794241305192145], [75.86498201960455, 12.793527150857354], [75.86517083676478, 12.793061669860206], [75.86541960632985, 12.792401834577047], [75.86561300463649, 12.79196798543421], [75.86588931503991, 12.791321705632242], [75.86605516171642, 12.790923913008214], [75.86628538726086, 12.790205334008986], [75.86649728012544, 12.789717249451538], [75.86673675249921, 12.789025739146608], [75.86693479490492, 12.788519518860765], [75.86717426997666, 12.787981724277188], [75.86731243102395, 12.78758404047113], [75.86757956024854, 12.787077818386647], [75.86782821020381, 12.786662044717612], [75.86809995384982, 12.786427020390704], [75.86832982686008, 12.786190287351928], [75.86847297374881, 12.786042867784145], [75.86859270139212, 12.785762692094634], [75.86859271488197, 12.785762657021051], [75.86863141181027, 12.785633833634561], [75.86882759172005, 12.784980771145738], [75.86912233642676, 12.784140130762466], [75.86932956720581, 12.78371078362579], [75.86961509026423, 12.783407970201722], [75.86985912399945, 12.783218189867622], [75.86985915907297, 12.78321815479404], [75.87014467313821, 12.783082573901709], [75.87055911131398, 12.782915360255743], [75.87121302366216, 12.782635170177], [75.87126210596148, 12.782606395468802], [75.87156759037208, 12.782427297281972], [75.87156761915037, 12.782427274798918], [75.87172879924475, 12.782251015771804], [75.87187615585998, 12.781857817784097], [75.87209258220696, 12.781130171819997], [75.87214531035784, 12.781008972885845], [75.87225378478439, 12.780759551312315], [75.87258535043361, 12.77998219442276], [75.87275573688783, 12.779471477526727], [75.87287086090157, 12.779019552010768], [75.87287087169341, 12.779019512440582], [75.8729721830199, 12.778563030959162], [75.87308731153024, 12.777948366823692], [75.87328993148522, 12.777306579135368], [75.87357083562563, 12.77694501839795], [75.87369013609094, 12.77687602061189], [75.87382870992707, 12.776795875729132], [75.87407406566565, 12.77675188539126], [75.8743076160037, 12.776710012057436], [75.8747714179666, 12.77674141368533], [75.8751088435983, 12.776764265458556], [75.87531302027969, 12.776806652305199], [75.87582721845143, 12.776913417120568], [75.87719486335232, 12.777279520333648], [75.87754022550104, 12.777446739375591], [75.87774038491091, 12.777494219082993], [75.87797829156494, 12.777550642548192], [75.87827772263887, 12.77743307507643], [75.87824017054749, 12.777003825066512], [75.87824476878109, 12.776750744151569], [75.87815507129955, 12.776647663858622], [75.87805598039921, 12.776533784506624], [75.87781489014515, 12.776393222269462], [75.87759086003024, 12.776262609232107], [75.87730466337956, 12.776191405409065], [75.87659162420414, 12.776014020430749], [75.87537594944058, 12.775562037358211], [75.87537591976292, 12.775562025666998], [75.8742661860357, 12.775101023293644], [75.87331298380724, 12.774630961149967], [75.87326917423309, 12.774585321455447], [75.87308736009368, 12.774395937722375], [75.87297797645249, 12.774026402696395], [75.87288936085537, 12.7737270291791], [75.87286173907808, 12.773275064992276], [75.8729354259292, 12.772908972571088], [75.87313344045594, 12.772673960834652], [75.87349260450014, 12.772502223598792], [75.87386559202349, 12.772235570115527], [75.87386562889571, 12.77223553594126], [75.87391681021268, 12.772176396523548], [75.87422937408638, 12.771815253970827], [75.8743967424158, 12.771701530201481], [75.87446883836624, 12.771652551324223], [75.87514112026656, 12.771566694847136], [75.87522830414298, 12.771532133001585], [75.87538056745927, 12.771471780398368], [75.87541426595567, 12.771391852252236], [75.87543583259765, 12.771340714102735], [75.87533912669937, 12.771042415275303], [75.875108893061, 12.770323808397109], [75.87486025119966, 12.769894389314684], [75.87454249284184, 12.769840173685107], [75.87397616456838, 12.769935043167775], [75.87340972837632, 12.770197191047599], [75.87261316016924, 12.770540705089502], [75.8722078878838, 12.770622005601126], [75.8710613529991, 12.770396020360126], [75.8697443732043, 12.769957549601257], [75.86881884221583, 12.769632086751471], [75.86746505856564, 12.769234358878633], [75.86637834118756, 12.768859160821647], [75.86563703092429, 12.768655756657894], [75.86498771950772, 12.768642110345182], [75.86435687926661, 12.768741509712923], [75.86390098234449, 12.768899722044576], [75.86309055738337, 12.769369689759401], [75.86236764185327, 12.769839733916628], [75.86193475678368, 12.770002405086982], [75.86168146722599, 12.770015917400709], [75.86101845553736, 12.769871234469917], [75.86065920066164, 12.769884769266753], [75.86039219014754, 12.769925398838152], [75.85995471763619, 12.770065486233246], [75.85941137603425, 12.770214640593222], [75.85901534967871, 12.770196511160123], [75.85865158380358, 12.770015731241076], [75.85828782692175, 12.769699276000836], [75.85791491404211, 12.769202136169723], [75.85783665953426, 12.768763657316981], [75.85782283515579, 12.76792304571205], [75.85781836642451, 12.767001057153095], [75.85785982966746, 12.76608809598889], [75.85788288828473, 12.765229361246098], [75.8578921998652, 12.764795501311369], [75.85795210730396, 12.764162685259748], [75.85807643677822, 12.763398945005349], [75.85816857412044, 12.76255824077026], [75.85823316163118, 12.76189841088302], [75.85835284340908, 12.761582062662114], [75.85858309593317, 12.761130146139408], [75.85888244516877, 12.760492848766033], [75.85939824233509, 12.759814908331407], [75.85987713672051, 12.759118983254496], [75.86011199737084, 12.758676069844798], [75.86021332308644, 12.758156341741824], [75.86017652462698, 12.757654628858065], [75.86002460035508, 12.757243368886408], [75.85964701279948, 12.756813914730458], [75.85900248847412, 12.756352863793667], [75.85831181274, 12.755964153423006], [75.85765341097618, 12.755643178190155], [75.85648853261972, 12.755191164540632], [75.85553543291394, 12.754888277372174], [75.85474809894566, 12.754675711814684], [75.85362458760471, 12.754286965471126], [75.85288334299196, 12.753943380382736], [75.8523906736907, 12.753622469901133], [75.85195324524614, 12.753224675478462], [75.8514284395709, 12.752582852716555], [75.85107855023494, 12.752067560969234], [75.85072413281256, 12.751282221697236], [75.84961915290165, 12.750237561114602], [75.84945807802791, 12.74988052396708], [75.84986328646158, 12.74945569502438], [75.85141965499315, 12.7481677903113], [75.85292543845827, 12.747065147738452], [75.85347330904602, 12.746703631967081], [75.85358386180582, 12.746531863254917], [75.85375425725323, 12.746292309042873], [75.85400292339625, 12.745429116360695], [75.854454412741, 12.743097047490776], [75.85460181612098, 12.7421388801053], [75.85481371977738, 12.74045305056785], [75.85496113394925, 12.739445198337307], [75.85520074751656, 12.73688711275008], [75.85522383131485, 12.736566185181344], [75.8545194229331, 12.735716476933929], [75.85416958395916, 12.735296110427214], [75.85303253872075, 12.73361472803731], [75.85303251893566, 12.733614698359702], [75.85248469601197, 12.73290506311821], [75.85248466723368, 12.732905029843321], [75.85212566416811, 12.732086965141376], [75.85212565247696, 12.732086935463768], [75.85184488413415, 12.731350224333426], [75.85172524912099, 12.73067227220764], [75.85172989861599, 12.7301931952598], [75.8517578333574, 12.72969048862518], [75.85178063117127, 12.729280233196278], [75.8519514708837, 12.72879174844047], [75.85215365646616, 12.72821363545097], [75.85259264433512, 12.72719261714559], [75.85282598513118, 12.726649918558962], [75.85327264601585, 12.7258047797668], [75.85327267479414, 12.725804734800704], [75.85361828785375, 12.725338563124236], [75.85361830314224, 12.72533853254731], [75.85492105476294, 12.723581268061139], [75.85566238391192, 12.722745224112828], [75.85630230190975, 12.722166725314194], [75.85707123934628, 12.721583812642903], [75.85877935768127, 12.720237081476167], [75.8592627531736, 12.719857422781894], [75.86000865717386, 12.719337728853132], [75.8617028800839, 12.718058811065303], [75.86239808300519, 12.717624984405575], [75.86330504749003, 12.717141424337285], [75.8652110967148, 12.716431889819889], [75.86678560637068, 12.71597550996188], [75.86855799205773, 12.71571796031566], [75.86956621031243, 12.715577934973792], [75.86989772290167, 12.715392628766834], [75.87036273625131, 12.714963269039686], [75.87039489870568, 12.71488644984981], [75.87054229668968, 12.714479625334489], [75.87052385788981, 12.713982495395895], [75.87050085952711, 12.712156540691863], [75.87053309122922, 12.711740788606562], [75.87067588108711, 12.711216447880815], [75.87120528589526, 12.710439151245907], [75.87180834967563, 12.709670764194469], [75.87249432465342, 12.709151019004366], [75.87293168115224, 12.709010923515333], [75.87400889539424, 12.708685522718724], [75.87686320956954, 12.707863039647634], [75.87725448660535, 12.707750030839291], [75.87756751362991, 12.707890164099867], [75.87801871249366, 12.70830596205053], [75.87833631526877, 12.708694658931394], [75.87860797257993, 12.708852793921322], [75.87947807655206, 12.708649455408079], [75.88145297517474, 12.708518394508358], [75.88328982426606, 12.708382793830935], [75.88378553057782, 12.708290681669665], [75.88397114705083, 12.70825619176986], [75.88472184893425, 12.707987512114016], [75.88534763588473, 12.707763535958463], [75.88536144587408, 12.707361286294374], [75.88502077099186, 12.706737546200827], [75.88503404678391, 12.706636778964251], [75.88505292535228, 12.706493484586701], [75.88527755441567, 12.70588565709744], [75.88541204173242, 12.705521746431483], [75.88512659691497, 12.705191825642318], [75.88512195281595, 12.704654021166219], [75.8856927417267, 12.704486775144627], [75.88582166583728, 12.704884513809304], [75.88656747810671, 12.70506527664128], [75.8862544106126, 12.704220075795886], [75.88621981189488, 12.703864662824005], [75.88618536696117, 12.703510546674464], [75.88618532649167, 12.70351051429884], [75.88563287655609, 12.703063095285641], [75.88538428685541, 12.70265631303846], [75.88510799533776, 12.701399838731616], [75.88465227558208, 12.700875608622482], [75.88470984478357, 12.700726982164552], [75.88481333876462, 12.700459772000952], [75.88508867700091, 12.70024781708315], [75.88509416376468, 12.700243592967468], [75.88545324776925, 12.699967168350213], [75.88558917579991, 12.69975665234767], [75.88569260323112, 12.699596469601431], [75.8855912703209, 12.698742321401085], [75.88559129550197, 12.698742294421375], [75.88592271006507, 12.698371639739436], [75.88641527054835, 12.697784132431817], [75.88634619721927, 12.697255351753142], [75.8863554170689, 12.696654161260598], [75.88678812137476, 12.696414623236306], [75.88751078869201, 12.695989733139696], [75.8876903707141, 12.695583021039626], [75.88842226237756, 12.694909519658667], [75.88939814640742, 12.69440328408433], [75.88953159140988, 12.69366659993369], [75.88961259694383, 12.693289851445513], [75.8897755091325, 12.692532156433915], [75.88984453479748, 12.692080188649811], [75.889683390676, 12.691632751650216], [75.88968337358887, 12.691632719274649], [75.88952226903757, 12.691420332682242], [75.8894160348222, 12.691378249806405], [75.88925987474346, 12.691316389939516], [75.88832077658265, 12.690823787188094], [75.88751975493278, 12.689797846893155], [75.8874046489055, 12.689260012739453], [75.88740463721427, 12.68925997946451], [75.88708699846626, 12.68858208399604], [75.88726649865004, 12.688021630993546], [75.88738155341599, 12.687415992454135], [75.88738153812756, 12.687054419126184], [75.88717436850237, 12.686493990405381], [75.88749655062537, 12.685974247013919], [75.88749657490706, 12.685974221832907], [75.88822846027529, 12.685458953467956], [75.88825144964477, 12.684894005653858], [75.88772666195592, 12.684356174198117], [75.88761156761979, 12.683795783248854], [75.88761155772727, 12.683795740081393], [75.88793375334012, 12.683117792452208], [75.88799817267756, 12.682625135741489], [75.88768370853637, 12.682238470429123], [75.88752402041729, 12.682042115151546], [75.8873398743358, 12.681703155276464], [75.88703143385362, 12.680613911702721], [75.88675521608042, 12.680098685605914], [75.88675519449669, 12.679569885142143], [75.88707563463288, 12.679318671219729], [75.88732596092439, 12.67912242296148], [75.88753305860382, 12.678774432094428], [75.88753308468415, 12.678774402416762], [75.88753306040246, 12.678774372739158], [75.88667226801084, 12.677807221126384], [75.88675507039022, 12.676609504924782], [75.88593110973301, 12.676103330504363], [75.88480794013441, 12.675438957242136], [75.8837081583049, 12.675217031540795], [75.88281482664297, 12.675036759738704], [75.88189880328719, 12.67475653998241], [75.88111168965281, 12.674178034888426], [75.87904952441609, 12.672478650769161], [75.8779171844306, 12.671814252325929], [75.8770046459477, 12.6719128998605], [75.87540857054915, 12.672085415009919], [75.87502223798595, 12.672258197258031], [75.87452940141083, 12.672478611198983], [75.87434665017781, 12.672610697325863], [75.8741979841497, 12.67271814832395], [75.87398542039092, 12.673013323805888], [75.87387577055046, 12.673165588920826], [75.87387573367823, 12.673165611403874], [75.8732129261357, 12.673603978740683], [75.87246687194865, 12.673914038901838], [75.87234299843067, 12.673965519693011], [75.87234296245782, 12.673965532283544], [75.8704787344061, 12.67445812334375], [75.86985273431628, 12.674525901649076], [75.86727962285636, 12.674882847065815], [75.86638666351377, 12.674308842179359], [75.86537399631294, 12.673581130564799], [75.86379528952108, 12.672514390726574], [75.86234076561391, 12.671678175007802], [75.86036154125219, 12.67104977462742], [75.85979080809938, 12.670923165371848], [75.85978620087252, 12.670923213035906], [75.85672064853918, 12.670245010898613], [75.85408782209538, 12.669693365856176], [75.85253665883977, 12.669367807678212], [75.85050201195833, 12.671012740545562], [75.84892306774543, 12.672214802271355], [75.84765719372456, 12.672748014809084], [75.84701737285354, 12.672838256380487], [75.84606451146811, 12.672905947451568], [75.84559504647427, 12.672657334368525], [75.8449322281399, 12.672399591368103], [75.84421882024242, 12.671988257652002], [75.84357451715033, 12.671368988088371], [75.84315111093508, 12.670704533887204], [75.84285664321959, 12.670229868113948], [75.84246551457187, 12.669344013415525], [75.84246547949834, 12.669344015214165], [75.8395010550297, 12.67031982999623], [75.83723168149697, 12.671114941301537], [75.83609939277284, 12.670915909641565], [75.8352754833769, 12.670811813114708], [75.83455740440075, 12.670960811892028], [75.8341936735992, 12.671100142957302], [75.83380246850919, 12.67124998260067], [75.83323519864558, 12.671457255647852], [75.8329370527029, 12.671566193225262], [75.83228755242868, 12.671920357938234], [75.8320670449582, 12.672040596396473], [75.8320670161799, 12.672040614382922], [75.83137188790238, 12.67257827856474], [75.83066289297818, 12.673251630658285], [75.83066286509921, 12.673251661235211], [75.83034062541958, 12.673680910345809], [75.83034060923177, 12.673680940023415], [75.8301932463213, 12.674028924595234], [75.829968958101, 12.67450825695056], [75.82970052575871, 12.675081867034578], [75.82915263088928, 12.675655772096263], [75.82846210714058, 12.67620707000032], [75.82782216126378, 12.676826153404308], [75.82761496735691, 12.677137955552265], [75.82741231952298, 12.677748061923577], [75.82733336804057, 12.677933762932868], [75.82714522537191, 12.67837624916461], [75.8268698817397, 12.679015927942771], [75.82669391589155, 12.679424730067295], [75.82589271347803, 12.680762389772497], [75.82568845495831, 12.680994188231239], [75.82559806050217, 12.68109678289028], [75.82438256740164, 12.682348495286874], [75.82275943769794, 12.684019221609846], [75.82079590110999, 12.686040272540595], [75.82066688346993, 12.686478675850253], [75.82066687267809, 12.686478711823156], [75.82030301866945, 12.687703359122791], [75.82030300428028, 12.687703406786854], [75.81908234277597, 12.691255580480684], [75.81688601038115, 12.693664053953002], [75.81641910036126, 12.694220827828984], [75.8153664268192, 12.695476053876858], [75.81453314828622, 12.69590523104165], [75.81349261469245, 12.696497046101854], [75.81340737604961, 12.69658185756674], [75.81183034199677, 12.698150827398816], [75.8103153827488, 12.699985380520959], [75.80894324303631, 12.701105969964601], [75.80822037606958, 12.701634551893106], [75.80769553891804, 12.701760936318182], [75.80611692205838, 12.700445307305127], [75.80402276164119, 12.698686601205738], [75.80119242249236, 12.696245124412995], [75.79807211493619, 12.693627319345355], [75.79457456606343, 12.690494146987362], [75.79163369304058, 12.688445766558914], [75.79045218532013, 12.688595605302966], [75.78818574537593, 12.688883002548547], [75.78818570850372, 12.688883007045206], [75.78735405054903, 12.688992690160546], [75.7856215695798, 12.689221114362963], [75.78505073390431, 12.689302265587116], [75.78471459250449, 12.689350837970833], [75.7842083002729, 12.68942399512133], [75.78342586311317, 12.689062144802163], [75.78279677655007, 12.688745087016228], [75.7816723209209, 12.688178354047864], [75.78074265844697, 12.687709789275406], [75.7799970602162, 12.687370538919309], [75.77978206918722, 12.687604116237022], [75.77931089458218, 12.688116024734823], [75.7789470927342, 12.688450344108162], [75.77810923485339, 12.688662448313378], [75.777216125324, 12.688856452763162], [75.77692098401627, 12.688550833454256], [75.77661794036572, 12.688237030314724], [75.7762506284638, 12.687854115175298], [75.77586330394837, 12.687450310583413], [75.7755832136944, 12.686983407758133], [75.77487887096316, 12.685809301458162], [75.77436362598058, 12.68504980870176], [75.77390866435343, 12.683128766879124], [75.77325612706869, 12.680362480144364], [75.77307238388346, 12.679426833581545], [75.77129981743269, 12.680325537793408], [75.76981270838986, 12.681057106600234], [75.7687261367019, 12.68160354366864], [75.76857158910758, 12.681654736676816], [75.76838545732306, 12.681716392397616], [75.76733186377453, 12.680567971634614], [75.7662000471945, 12.679252226609037], [75.76546398627403, 12.678396674566953], [75.76539487787136, 12.678316345323138], [75.76350379516407, 12.676552873716222], [75.76102838245396, 12.674273878336862], [75.76102834648105, 12.674273841464638], [75.76076610956835, 12.674124642138564], [75.76076607629346, 12.674124616058233], [75.75983611434526, 12.674463173936374], [75.75814193010604, 12.675059003570198], [75.75598223968865, 12.675756656244742], [75.75533366661546, 12.675966152416036], [75.75476274100777, 12.676169235521852], [75.7545882347593, 12.676260339543092], [75.75454638570721, 12.676282180478267], [75.75453242553107, 12.676517161637776], [75.7546381462335, 12.676829060013176], [75.75459206317322, 12.677000817034127], [75.7545321278555, 12.677145375858458], [75.75438484768262, 12.677181462954193], [75.75428978664439, 12.677187683564792], [75.75424675858108, 12.677190476859094], [75.75409952337435, 12.677045779539128], [75.75400760007074, 12.676765520212657], [75.75391558953288, 12.676661525309214], [75.75386708549763, 12.67661957643236], [75.7538005491561, 12.676562002734272], [75.75365767206398, 12.676616112243837], [75.75353813867423, 12.676661346344131], [75.75328851115592, 12.676800168393129], [75.75309153534613, 12.67690968243596], [75.75249771030116, 12.676954631451109], [75.75208806281393, 12.676895679991674], [75.75193195399652, 12.677034228646788], [75.75189463752758, 12.677067340785188], [75.75171040151389, 12.677288666638729], [75.75161471274885, 12.677474027704248], [75.75153073315687, 12.677636635922052], [75.75139600662044, 12.67770347623451], [75.75113936888681, 12.677830749189752], [75.75085781273793, 12.677890751956683], [75.75071585115569, 12.677920993459107], [75.75031526883464, 12.67820098388836], [75.75031524185499, 12.67820100187481], [75.7500389935048, 12.67833646225796], [75.74912188196936, 12.678611111613577], [75.74875814757053, 12.67867789526872], [75.7484029153623, 12.678743100613644], [75.74768499017023, 12.678978460387672], [75.74649751364939, 12.679232079097233], [75.74556791502732, 12.679720608819082], [75.7451646931961, 12.680174870773724], [75.74481336494489, 12.680570636325855], [75.7438517630485, 12.681547252403847], [75.7432250632861, 12.682166603805795], [75.74301901241756, 12.682370225605496], [75.74245758904658, 12.682763683497226], [75.74170749060823, 12.68325210799844], [75.7414561381903, 12.683501156353314], [75.74114615986741, 12.683808268536833], [75.74045391751434, 12.684714057607719], [75.7403272578967, 12.684879785573685], [75.7399455352583, 12.685634713371373], [75.73973888903856, 12.686755673335709], [75.73955979984493, 12.687745551715865], [75.73928863626162, 12.688721906990452], [75.73928862546973, 12.688721936668117], [75.73895286448317, 12.689400029987436], [75.73841456897725, 12.690001329297953], [75.73703870337351, 12.691186039504144], [75.73545116344047, 12.692601329587715], [75.73495417379617, 12.69301283237638], [75.73415370882668, 12.694210799488872], [75.73382486452596, 12.694726636225312], [75.7331968247737, 12.695711740104798], [75.73197750235988, 12.697113317325773], [75.73131956464624, 12.697918038786497], [75.73037577921889, 12.697868674999423], [75.72997392255854, 12.697863547964399], [75.72934924896873, 12.697855533206335], [75.72730521226578, 12.69757155967977], [75.72599801709487, 12.697272799500126], [75.72525185858649, 12.697102238577484], [75.7233426644325, 12.69672365187506], [75.72136172326498, 12.696330800126361], [75.72136168639275, 12.69633080372364], [75.7212927515593, 12.696556803353815], [75.72097985493639, 12.696909393353847], [75.71941972903733, 12.698103165128998], [75.71921732042307, 12.698406010928691], [75.7192172907454, 12.698406044203635], [75.71920355629914, 12.69861847036617], [75.71928663387109, 12.699314472784751], [75.7192867354945, 12.699549509702138], [75.7191947114668, 12.69973482849957], [75.71875296807508, 12.700110093106387], [75.7175977880076, 12.700969224450205], [75.71733091868703, 12.701335402306993], [75.71723895941051, 12.701706066881512], [75.71722531039984, 12.702099258573982], [75.71731763659972, 12.702781701014713], [75.71756190595727, 12.703608713071674], [75.71769555600514, 12.704019956855573], [75.71766804844174, 12.704349913617648], [75.71754848357574, 12.704603031404814], [75.71731834796344, 12.704824588384101], [75.71710658280261, 12.704860802284259], [75.71681194691388, 12.704888026561205], [75.71577606461375, 12.70462620243734], [75.71543076991418, 12.70453597165783], [75.71513614391796, 12.70453603730834], [75.71492439854222, 12.704640037607701], [75.71465289321651, 12.704798363253927], [75.71438598792304, 12.705218744149755], [75.71402734278769, 12.706353280279698], [75.71377437518731, 12.707049396912167], [75.71355815298642, 12.707392922645338], [75.7132498069331, 12.707668795978178], [75.71292757894469, 12.70775021520029], [75.7126835622966, 12.707732238651943], [75.71233357673322, 12.707492796855147], [75.71212169016394, 12.707036376527581], [75.71200182762232, 12.706430750578702], [75.71187730749182, 12.705811588034408], [75.71172986544099, 12.705563087366611], [75.71154572475547, 12.705454680389211], [75.71138919145807, 12.705445652994511], [75.71100706682273, 12.705481921753343], [75.71045935361633, 12.705771355064028], [75.71004508271443, 12.705943233493485], [75.70963998489742, 12.706006684261123], [75.70929482869343, 12.706241808412754], [75.70866428702726, 12.706734567646206], [75.70799225423917, 12.707010501233695], [75.70736162623815, 12.707155350539038], [75.7067079360225, 12.707232352291271], [75.70610941831507, 12.70711496558323], [75.70573186043708, 12.706975010388478], [75.70538442085439, 12.706691431664296], [75.70521152798966, 12.706550303753545], [75.70497599194852, 12.706339231070729], [75.70462670695701, 12.706026202247473], [75.70450015615734, 12.705902031953256], [75.70429975393057, 12.70570540148316], [75.7020436669817, 12.704544472049804], [75.70126095732735, 12.704210241709346], [75.70126091505927, 12.704210229118814], [75.70083246094936, 12.70408001627976], [75.70060719606528, 12.704011554489684], [75.69886232963285, 12.703564574345705], [75.69703919430344, 12.703095009527088], [75.6970391565319, 12.703094998735255], [75.69512859630771, 12.702589284767726], [75.69429991870635, 12.702431299065266], [75.6940191035988, 12.702417812831865], [75.69285897456206, 12.702250866284485], [75.69151470843713, 12.702092998393198], [75.6905755428271, 12.701894352542409], [75.69010841786923, 12.701719337277666], [75.68940614447803, 12.701456215432017], [75.68940654287769, 12.70145641058491], [75.6894381207727, 12.701471903205796], [75.6894735360749, 12.70148927810777], [75.68947980974548, 12.701492355587789], [75.68925421121293, 12.701383936019909], [75.68823675152493, 12.701004506652737], [75.6877993905295, 12.70095940924938], [75.68707661169634, 12.700769748525145], [75.6866396203223, 12.700769842953946], [75.68645055135192, 12.700769877128149], [75.68568178838387, 12.700910157877555], [75.68497559035126, 12.701091491778982], [75.68476573714912, 12.701145370162747], [75.68375762861172, 12.701321839631248], [75.68329443728851, 12.701321945751255], [75.68297042504514, 12.70132201050245], [75.68268732116297, 12.701281194771353], [75.682187805323, 12.701209177061912], [75.68148344550468, 12.701024018343844], [75.68072841158698, 12.700802696986898], [75.68024044394139, 12.700617504993886], [75.6802404034719, 12.70061748610817], [75.67988497611083, 12.700576584941473], [75.67910331686465, 12.700486632052504], [75.67876265637153, 12.700464103135912], [75.67799387721573, 12.700486834399952], [75.67751511233263, 12.700473367951643], [75.67684059201974, 12.700511525286688], [75.67615249733996, 12.700550447045542], [75.67549420529338, 12.70058220120768], [75.67504998516877, 12.70048976888779], [75.6748865279909, 12.700455765521212], [75.67391052794858, 12.700144064097342], [75.67391048208316, 12.700144046110891], [75.67235442471696, 12.699434740021271], [75.67187423800573, 12.699201048489671], [75.67123108424721, 12.698888043048786], [75.66942174811521, 12.697880446225668], [75.6684595157941, 12.697410549557276], [75.66827631400076, 12.697368590787901], [75.66804523949628, 12.6973156863699], [75.66751586976164, 12.697392631464822], [75.66742838281368, 12.697433770052498], [75.6672948856505, 12.697496545429258], [75.66712916577842, 12.697645759144505], [75.66695434746521, 12.697880718720226], [75.66695430789503, 12.697880784370737], [75.66681621339757, 12.698133893164709], [75.6667195749485, 12.69819721263133], [75.66652625398348, 12.698197251302132], [75.66633289164969, 12.698120434810278], [75.66573901174604, 12.697880973228395], [75.66573898206843, 12.697880960637859], [75.66509908475501, 12.697569207952652], [75.66510828122227, 12.697569205254696], [75.66411852694853, 12.697361433983017], [75.66265923303723, 12.697348075453363], [75.66163267760608, 12.697298477842535], [75.6602148055689, 12.697235371515205], [75.6587048681352, 12.697127067959855], [75.65743897522856, 12.697140771829195], [75.65743893116178, 12.697140770929877], [75.65647681125591, 12.697095672627258], [75.65602565466031, 12.696905905782957], [75.6550772772946, 12.696259679041018], [75.65402764436038, 12.695730980200604], [75.65314374568737, 12.69528813513938], [75.65256149761507, 12.695171183703222], [75.65235655201332, 12.69513001004196], [75.65205313964071, 12.695102521364332], [75.65150952104761, 12.695053256502659], [75.65065789634491, 12.695066885728242], [75.65022802940007, 12.695066920801821], [75.64992139205867, 12.695066927097056], [75.6493920052369, 12.695116662304141], [75.64879947161836, 12.695156474391808], [75.6484482827621, 12.695180047421273], [75.64822068323798, 12.695134327687127], [75.64766108818873, 12.695021872861213], [75.64713644619007, 12.694813224750588], [75.64695674815546, 12.694741750231628], [75.64695670948458, 12.694741735842513], [75.64594397843189, 12.694362160785147], [75.6453846621725, 12.694238019269221], [75.64502786244594, 12.69415880248681], [75.64454668468181, 12.694115725860115], [75.64396911128551, 12.6940639806682], [75.64292876025416, 12.694204147203662], [75.64177334186627, 12.694425661914803], [75.64088029528943, 12.694800840186701], [75.64039273503676, 12.694971510826633], [75.63988594188277, 12.69514886792598], [75.63905275957723, 12.695402009095512], [75.63852338714463, 12.695492435927234], [75.6378835249048, 12.695370432099823], [75.6367096380394, 12.695054063194505], [75.63561402097037, 12.694538884761755], [75.63506622772428, 12.694082369106122], [75.63480892359303, 12.693621444074438], [75.63469791397762, 12.693422548212082], [75.63468408330385, 12.692726521511815], [75.63468408510249, 12.692726488236872], [75.6346854116025, 12.692712151244846], [75.63479452274908, 12.69153333069869], [75.63474844868199, 12.690539009667587], [75.6347031813068, 12.690461749809968], [75.63455514660279, 12.690209041214304], [75.63418684634593, 12.689924339236937], [75.63409990618578, 12.689911608434045], [75.63387841395769, 12.689879154599337], [75.63362929185837, 12.690011114821116], [75.63352856599057, 12.690064464403575], [75.63352852821907, 12.690064478792692], [75.63325240757263, 12.690398885400269], [75.63325238149224, 12.690398925869774], [75.63299920704782, 12.690900613572524], [75.63274143976571, 12.691470091271752], [75.63246985979623, 12.692175156158553], [75.63211543607855, 12.69291634411405], [75.6321154198908, 12.692916388180837], [75.6319267052533, 12.693594343004575], [75.63215685345608, 12.694132153775909], [75.6321932049525, 12.694325501720584], [75.63224435299458, 12.694597698624934], [75.63224896381867, 12.69503610463255], [75.63219833648412, 12.695424806010065], [75.63200961285338, 12.696066589201791], [75.63181249854802, 12.69643668810272], [75.6317472284519, 12.69655920364437], [75.63133753599857, 12.697264301806113], [75.63133751531416, 12.697264335081059], [75.6308542034588, 12.698037171078624], [75.63034322216203, 12.698656364199907], [75.63031212630364, 12.698693431556649], [75.63031209033073, 12.698693469328191], [75.63027875516048, 12.698733179792443], [75.63010384061982, 12.698968224803764], [75.6298598869243, 12.699456308461889], [75.62985986983716, 12.699456343535477], [75.62960208276996, 12.699967065827478], [75.62934433077629, 12.700469050306479], [75.62904045075624, 12.701060789823655], [75.62898520810091, 12.70139976948383], [75.62894836737331, 12.701955708788999], [75.62898091114022, 12.70211296514128], [75.62901286225383, 12.702267568493538], [75.62921082102264, 12.703004272429268], [75.62929915513196, 12.703180606999467], [75.62934892091602, 12.70327997758892], [75.62901748207122, 12.703659611102239], [75.6287274651005, 12.70392174549221], [75.62808753091485, 12.704536403332382], [75.62725432342836, 12.704834730938158], [75.62611264578203, 12.70510137362953], [75.62611263229218, 12.7051014015085], [75.6260665699163, 12.705196295272856], [75.62747527246592, 12.706109296007241], [75.62835917653484, 12.706642629953478], [75.62928913488571, 12.707130752282467], [75.6309555939256, 12.707478755740055], [75.63176033337277, 12.707434134977403], [75.6324241859275, 12.707397351806376], [75.63294134466736, 12.707478987765116], [75.63334026773924, 12.707541975381899], [75.63357969964346, 12.707713713517135], [75.63390197439668, 12.708043643299561], [75.63405335907532, 12.708249275084029], [75.6345740737346, 12.708956609859685], [75.63609796325045, 12.71125256375484], [75.63710627503463, 12.712829858611144], [75.63753901441402, 12.713318004322502], [75.63792575796742, 12.713426434682274], [75.63885573610338, 12.713571028580134], [75.63975345016166, 12.713616194331962], [75.64028285946642, 12.713729311958216], [75.64043020798778, 12.713760802618992], [75.6412022372935, 12.713952011975833], [75.64141542428246, 12.714004812971778], [75.64242826055585, 12.714434128632204], [75.64382323405505, 12.715017090766196], [75.64572462119435, 12.71560905061722], [75.64732676341947, 12.716051870497495], [75.64925576604082, 12.716887838003347], [75.64925581190624, 12.716887866781683], [75.65056802439489, 12.717999638372648], [75.65149809785896, 12.719382529480185], [75.65185264748175, 12.71999715674343], [75.65204144125954, 12.720516872255873], [75.652009322872, 12.721371133770843], [75.65189890501051, 12.722144005741313], [75.6518667380596, 12.722731555317067], [75.6520279847038, 12.723834334586913], [75.65247472472885, 12.725425210105415], [75.65258633689001, 12.725991010476776], [75.65266815720975, 12.726405907306797], [75.65266152201167, 12.72707624037622], [75.65265452078955, 12.727779926602352], [75.6524152714477, 12.729325680435862], [75.65242914528888, 12.72994033827604], [75.65274687576778, 12.730423902840867], [75.65409604679519, 12.732358162898947], [75.65409606388232, 12.732358188979276], [75.65559727879145, 12.734952319394095], [75.65683612188957, 12.737804084890625], [75.65716224304317, 12.739073414106826], [75.65739345784186, 12.739973419637638], [75.65813036322572, 12.74186253912495], [75.65827782596097, 12.74287500038099], [75.65818130172573, 12.743928051638306], [75.65775325141146, 12.745143875689333], [75.65704898332399, 12.746703228171496], [75.6563587851299, 12.747779317361676], [75.65621114342957, 12.74800949883934], [75.65615207865557, 12.748270563935419], [75.65610070398435, 12.748497622067644], [75.65624349204359, 12.748954090958591], [75.65699879575789, 12.750531363331792], [75.6572596872848, 12.751271439725201], [75.65746400156246, 12.751851054582572], [75.65745021675417, 12.752104149886632], [75.65740739373626, 12.752090142945802], [75.6573534901715, 12.752072478462138], [75.656998946844, 12.751634128212515], [75.65671514778592, 12.751271598005872], [75.65671511900759, 12.751271560234384], [75.65602264283075, 12.750386802708817], [75.65513848964964, 12.749347398663588], [75.65493275534243, 12.749603126283317], [75.65470574127698, 12.749885288575225], [75.65409660167688, 12.751272079143176], [75.652993559805, 12.75220635244125], [75.6529935148389, 12.752206383917551], [75.65230352618681, 12.752540710485452], [75.65230348931465, 12.752540727572582], [75.65140742191505, 12.752954214265626], [75.65026040409441, 12.75334134812476], [75.64998725840532, 12.753594047727177], [75.64979445814777, 12.75377240757058], [75.64940113155706, 12.754191073459308], [75.64894320036848, 12.75467849341777], [75.64808296195919, 12.75538226597882], [75.64736711150306, 12.756069424464444], [75.64727654257842, 12.756156363725266], [75.64727649851164, 12.756156403295453], [75.64588755496675, 12.7573000261753], [75.64552848265339, 12.757529482799443], [75.64493763976031, 12.757907022690972], [75.64462615867035, 12.758390137594802], [75.64431939812181, 12.758865866366703], [75.64362042614181, 12.759244142802968], [75.64276909461807, 12.759534472737755], [75.64151448820314, 12.759983149003176], [75.64075299715313, 12.760198279427128], [75.64026888130388, 12.760335027639487], [75.63943542200718, 12.760467032827362], [75.63833315535089, 12.760915691106334], [75.6383331355658, 12.760915718985304], [75.63810909465906, 12.761214782236438], [75.63821668595136, 12.761601801881682], [75.63850350763086, 12.76236709166801], [75.63922048223952, 12.76346659290897], [75.63982989613288, 12.764513360603132], [75.6408247621531, 12.765683207713892], [75.64099566661679, 12.766597131152709], [75.64100405009691, 12.766641960558102], [75.64100405549283, 12.766642002826245], [75.6410041598142, 12.768427659808705], [75.64106998119473, 12.76901848831261], [75.64118349272405, 12.77003738241933], [75.64118344685863, 12.770037384217972], [75.64069058330381, 12.770037404003064], [75.63935524834608, 12.770037459761001], [75.6390042384549, 12.77003747325085], [75.63900341107859, 12.770037473250852], [75.6390022203762, 12.770037473250852], [75.6386011074552, 12.770037489438662], [75.63817226753616, 12.770037502928457], [75.63745613289427, 12.770037527210151], [75.63723129428888, 12.770037538002043], [75.6372312592153, 12.770037533505388], [75.63695753346343, 12.770192776275678], [75.63682798072678, 12.770266251786156], [75.63637096954466, 12.77082040233972], [75.63637094346433, 12.770820435614665], [75.63560024965187, 12.771946377823099], [75.63469510899218, 12.77288760917588], [75.6346950748179, 12.772887638853488], [75.63380788822354, 12.773591343965393], [75.63263390153338, 12.774664485177878], [75.63263387635237, 12.774664507660932], [75.6317556110327, 12.775517762834511], [75.63073119059203, 12.77660918186831], [75.63070702760729, 12.776634881794392], [75.63031272255415, 12.777303437803482], [75.62989151068474, 12.778147881419613], [75.62962087860075, 12.778655421010908], [75.62938961793657, 12.77908905881304], [75.62883865727827, 12.77928610027334], [75.62839481846618, 12.77935297476], [75.62783916154814, 12.779352972961359], [75.62722233903975, 12.779480445566149], [75.62662025192316, 12.779924694469114], [75.62622502236695, 12.779976767014261], [75.62588537540978, 12.78002148220571], [75.62539244710382, 12.780021475910413], [75.62500706692265, 12.780144619178882], [75.62484983844935, 12.780144616480923], [75.62462171192254, 12.780144569716185], [75.6244245220741, 12.78003905495848], [75.62423634702986, 12.779669582884992], [75.62383300738742, 12.77936172606286], [75.6238329678173, 12.77936169998253], [75.62344762360902, 12.779361715270962], [75.62311934228387, 12.779539090356762], [75.62301306580042, 12.779580122824484], [75.62299047842788, 12.779588835456423], [75.62299043615974, 12.779588849845595], [75.62282005869878, 12.779625005289803], [75.62269571753342, 12.779611441714735], [75.62254836721343, 12.779525561855221], [75.62225828549151, 12.77930405793597], [75.62208787925226, 12.779218210452084], [75.62200628286371, 12.779198993738646], [75.62185763572137, 12.779163975037475], [75.62142937676441, 12.779041934337839], [75.62139713427041, 12.779019590681626], [75.62135110067283, 12.778987689929979], [75.62130267307998, 12.778963928042911], [75.62123137302952, 12.778928936321392], [75.62121295401465, 12.77893345631401], [75.62126358854385, 12.77975603111599], [75.62162274899072, 12.780894985615133], [75.62195428316369, 12.782305116288116], [75.6219542633786, 12.783276790591456], [75.62195426697588, 12.78327683645688], [75.62214301398899, 12.784027067994828], [75.62269561501068, 12.786413472104131], [75.62264032199334, 12.787308392868113], [75.62266796625369, 12.788334314277222], [75.62280607963692, 12.789676677436772], [75.62294420830864, 12.791082230560564], [75.62280606434842, 12.79167883540998], [75.62280604366403, 12.791678873181525], [75.6225573532393, 12.792031333679178], [75.62217404869347, 12.792512065379585], [75.62206002634917, 12.792655054886946], [75.62184323847475, 12.79305331605775], [75.62148432444206, 12.793712636029397], [75.62090408905254, 12.794254965894027], [75.62019486300261, 12.79453514518087], [75.61931068733838, 12.794941895052487], [75.6186198847999, 12.795728285631924], [75.61779093470392, 12.796270596610778], [75.61583369876627, 12.79662304361864], [75.61489426335966, 12.796867048575505], [75.61489422378946, 12.796867053971425], [75.61442907104488, 12.797273804742362], [75.61442903597128, 12.79754496203043], [75.61458850375652, 12.798498588738935], [75.61467767873194, 12.799031940671572], [75.61524134141484, 12.802503267112117], [75.61524134681076, 12.802503303984334], [75.61580568128721, 12.80597865039442], [75.61718246060212, 12.812265502351122], [75.61758327225027, 12.813940198281555], [75.61800668835804, 12.815709439039436], [75.61814537550873, 12.816700665503332], [75.61828300235874, 12.817684565190573], [75.61825534191058, 12.818525212768408], [75.6180335088394, 12.819249323497557], [75.61779010103237, 12.82004374951947], [75.61760424174241, 12.820653399934484], [75.61745387149904, 12.821146553970323], [75.61639913850951, 12.82230352638669], [75.61610035764545, 12.822631975885031], [75.61590169021088, 12.822850369948641], [75.61590164794274, 12.822850407720182], [75.61571743890875, 12.82364580590928], [75.61584166136362, 12.825837807169137], [75.61557446019322, 12.82751010820499], [75.61527501023357, 12.829928051538388], [75.61499375715624, 12.831466847317186], [75.61488344631404, 12.83207029870539], [75.61527484026175, 12.833832989700738], [75.61527485285222, 12.833833025673643], [75.61695586562075, 12.837295089097156], [75.6169558836072, 12.837295125969316], [75.61913896269306, 12.841584286885391], [75.61913898157877, 12.841584323757555], [75.62036414329066, 12.843943526972225], [75.62176282019806, 12.84591655590435], [75.62176429058962, 12.845918630640313], [75.62176431487131, 12.84591867560647], [75.62221106478887, 12.847021467466787], [75.62232617980942, 12.849877892350888], [75.62232619150058, 12.850652659192916], [75.62232620588975, 12.85174447482768], [75.62209726008052, 12.852455157779332], [75.62198989092076, 12.852788478005893], [75.62175459319997, 12.853749879353472], [75.62165362361588, 12.854162424456376], [75.62165361372337, 12.854162462227919], [75.6213357501448, 12.855369139274389], [75.6196867073757, 12.855567955996435], [75.61850012478101, 12.855493948087256], [75.6177290379648, 12.855445838854449], [75.61727847402244, 12.855518207299498], [75.6166880124419, 12.855613028218727], [75.6166879971534, 12.855613062392989], [75.61648988549985, 12.856173405678193], [75.61545519390211, 12.857764354941084], [75.6152553807313, 12.858071576841837], [75.61525535105369, 12.858071621807936], [75.61428795032867, 12.859454530002608], [75.6127585605592, 12.860665727941067], [75.61073169461207, 12.861809050447388], [75.60973755344537, 12.86224248320411], [75.6089489298493, 12.862586272438591], [75.60790787734675, 12.86302456153436], [75.60669628550522, 12.863874175352976], [75.60567823136535, 12.864285355284949], [75.6040521986501, 12.864764297334489], [75.60405214738876, 12.864764308126377], [75.60335425999114, 12.864859791845955], [75.60226942759209, 12.865008209661196], [75.60236603816219, 12.866318891503681], [75.60232261709518, 12.86687407178101], [75.6022691515002, 12.86755722018961], [75.60211349773977, 12.86803061522079], [75.60199271159445, 12.868397865968799], [75.60115417742338, 12.869880205007515], [75.60113569185876, 12.870021881504666], [75.60110343227763, 12.870268837137187], [75.60110346285461, 12.870268886599888], [75.6014764926461, 12.870924302614528], [75.60179720437753, 12.871356141772594], [75.60214439844528, 12.871823734377866], [75.60241449813066, 12.872289128140778], [75.6025404652703, 12.872506227180677], [75.60281220262112, 12.872967244842526], [75.60266012456515, 12.873636138996686], [75.60263706055196, 12.873975111462299], [75.60273207482544, 12.874053593498616], [75.60281213876925, 12.874119755722177], [75.60296726822493, 12.874206392810834], [75.60337869636982, 12.874436219056294], [75.60345236613387, 12.874775164542257], [75.60318051007255, 12.8753852430346], [75.60281197329397, 12.875602159512086], [75.60259791755988, 12.875624810736497], [75.60234211619576, 12.875651849753122], [75.6014484373955, 12.875529729013804], [75.6008458736382, 12.875333619251192], [75.6005593406411, 12.875240345165818], [75.59938013608445, 12.875140798309246], [75.59737158573017, 12.87521285199159], [75.59626138615408, 12.875551701250059], [75.59524326366574, 12.875651034967346], [75.59391652352878, 12.875876827753473], [75.59285244298593, 12.87529365607742], [75.59183441492638, 12.874999756733414], [75.59007939334936, 12.874222116557458], [75.58884032182345, 12.873494270044601], [75.58835256641788, 12.873288798339445], [75.58779930169646, 12.873055720145432], [75.58671216433498, 12.872910920302786], [75.58589218137912, 12.872861076277674], [75.5850767768718, 12.872910609137362], [75.58470644684508, 12.87289368749373], [75.58448257231294, 12.872883432524418], [75.58422820356878, 12.872797885414112], [75.58398508714214, 12.87271611275844], [75.58376174860587, 12.872716084879471], [75.58349218041985, 12.87271603721541], [75.58321989718058, 12.872688690630639], [75.58286106048962, 12.872652624219254], [75.5821654762558, 12.87272936606746], [75.58216543398765, 12.872729367866098], [75.58167255784235, 12.872729231169158], [75.58075588517602, 12.872629643843025], [75.58010712774183, 12.87258106066747], [75.57978850153819, 12.872557190861693], [75.5791942691003, 12.872457638609205], [75.577710995666, 12.872190697342827], [75.57735951273139, 12.872005871373915], [75.57706609362538, 12.87185155850267], [75.57627383047293, 12.871729417978315], [75.575651985251, 12.871512346817381], [75.57550356024115, 12.871379012431532], [75.5753802847724, 12.871268201566293], [75.57523293715037, 12.870929230000002], [75.57511229489654, 12.870601550321341], [75.57503493161687, 12.870391360772716], [75.5748599352379, 12.870151798466793], [75.57459162970002, 12.870025262955549], [75.57439012040777, 12.869930227098337], [75.57389722177942, 12.869758359460777], [75.57362121534686, 12.869665421721889], [75.57310497301614, 12.869491558488678], [75.571971832634, 12.869152354897324], [75.5715871584207, 12.86896726182971], [75.5708065522806, 12.868591635695454], [75.57042298513272, 12.868576988437324], [75.57021225239362, 12.8685689350084], [75.56974240788588, 12.868618542511799], [75.56892704744536, 12.868568637332771], [75.56865283965686, 12.868474989129478], [75.56850328779655, 12.868423906737974], [75.56828238012781, 12.867524465082052], [75.5681905062869, 12.86740072826103], [75.56768832125908, 12.866724355344788], [75.56707114261917, 12.866335525364262], [75.56632961022336, 12.866018989185077], [75.5663295733512, 12.866018977493866], [75.56516419946831, 12.86579724065018], [75.56509918657827, 12.865837401674804], [75.56499763063619, 12.86590012848819], [75.56499606941316, 12.865901052991262], [75.56499603164161, 12.865901075474312], [75.56482786291559, 12.866005069478433], [75.56484624236026, 12.866208407991678], [75.56484623786366, 12.866208441266622], [75.56478170611092, 12.866353019876042], [75.56461582256225, 12.866465981919587], [75.56403549724047, 12.866384469167938], [75.56391421736731, 12.866393454294554], [75.56379135109007, 12.866402557232275], [75.56362543516576, 12.866596819787446], [75.56354247630429, 12.866840838234166], [75.56354241784834, 12.867098465222057], [75.56363903831101, 12.867423917280005], [75.56375871199504, 12.867812629449359], [75.56375872278687, 12.867812660925606], [75.5640532975217, 12.86868494215639], [75.56405330831359, 12.868684984424535], [75.56410385650781, 12.869073719076937], [75.56415445776207, 12.869498541724395], [75.56423261514311, 12.869982175537016], [75.56431540942867, 12.870447653836209], [75.56423806683335, 12.870751076101326], [75.56420020987184, 12.870899593741285], [75.56405266979493, 12.871464541555381], [75.56408482685333, 12.871658877854994], [75.56426437290253, 12.872146998385288], [75.56430622645127, 12.872348925862298], [75.56431496426427, 12.872391073489323], [75.56416743407989, 12.872757160514594], [75.56395876078824, 12.873208569819665], [75.56385409768853, 12.873434982238674], [75.56378481211942, 12.874167167980486], [75.56388600923202, 12.874668892555407], [75.5641162230853, 12.875102818140588], [75.56434647021348, 12.875541253825869], [75.56434644143519, 12.875541267315668], [75.56406540689306, 12.875615178098029], [75.56396871808192, 12.875640606428874], [75.5639686767131, 12.875640615422128], [75.56317628405834, 12.875784997080018], [75.56256352918359, 12.875979225460922], [75.56237710242141, 12.876072505841536], [75.56188631450186, 12.876318074719448], [75.5614900309402, 12.876706616916861], [75.56126416800703, 12.877203695594119], [75.56093232356795, 12.877899684522841], [75.5605238505953, 12.878070412719408], [75.56030575060998, 12.878161570700001], [75.55997397811666, 12.878401062858813], [75.56004299298979, 12.878726492433715], [75.56013957568094, 12.879196585154316], [75.56030676324656, 12.880043120593596], [75.56040648007507, 12.880548015278748], [75.56070080389901, 12.882491466408114], [75.56075106161228, 12.884001032421732], [75.560451528915, 12.884466473848759], [75.56025325808145, 12.885017821215515], [75.56041897795353, 12.885307136715028], [75.56064917292105, 12.885939938377476], [75.5607938180803, 12.886377281386501], [75.56087937238516, 12.886635955185225], [75.56087936698924, 12.886635988460169], [75.5608650380911, 12.888443836214092], [75.56112678757125, 12.891666328338431], [75.56120658711438, 12.893463395019692], [75.56120927248998, 12.893523874427329], [75.5604534867391, 12.894432123144037], [75.55931512129587, 12.896058917585036], [75.55817673786623, 12.897857429476856], [75.55797846163676, 12.898548815675328], [75.55802869596761, 12.900004119294692], [75.55802869596761, 12.90000415976419], [75.55794538367257, 12.901527196722784], [75.55771456007892, 12.903158741382866], [75.55731813172645, 12.904017352918572], [75.55711979254444, 12.904744965607735], [75.55706885134646, 12.905553969640037], [75.55699514471024, 12.905603675169514], [75.556833870187, 12.905626212179978], [75.55652526333029, 12.905485995282504], [75.55652522645806, 12.905485970101495], [75.55633636792908, 12.905309678698757], [75.55627248368825, 12.905271175124652], [75.55613376865853, 12.905187568751328], [75.55589416768174, 12.90511974098331], [75.55577437079063, 12.905124185432838], [75.55566846302919, 12.90513322541807], [75.55566842255973, 12.905133236209904], [75.55523993877222, 12.90532743761122], [75.5552398974034, 12.905327456496991], [75.55502336763436, 12.905435840991347], [75.55482515435745, 12.905711455319476], [75.554825136371, 12.905711499386253], [75.55474213793934, 12.905964561415429], [75.5547039806043, 12.90601545045274], [75.5546269554697, 12.906118207889053], [75.55461306544066, 12.906231179825113], [75.55454849951373, 12.906439089592366], [75.55452999866054, 12.906701170922359], [75.55452999776122, 12.906701205096569], [75.55451608255123, 12.906990462140184], [75.55453665454303, 12.907103022186789], [75.55458052796905, 12.907342955912723], [75.55466334653626, 12.90763226691564], [75.55470940081824, 12.907799508440629], [75.55486592512239, 12.908134013973607], [75.55505938278435, 12.908382641445767], [75.55512740660458, 12.90848417760276], [75.55528957145663, 12.908726229232116], [75.5554499151815, 12.908958683296643], [75.55559821968217, 12.909173683318896], [75.55598435169651, 12.909638453851585], [75.55612778546896, 12.909811100302079], [75.5564686806851, 12.91017731143381], [75.55673118559582, 12.910520870441873], [75.55673120538086, 12.910520902817439], [75.55691538653593, 12.910873444254092], [75.5569154054217, 12.910873483824275], [75.55704892866521, 12.911194334051343], [75.55708477564195, 12.91132424831545], [75.55712252648345, 12.911461069372871], [75.5571224635309, 12.91180449977787], [75.5571224626316, 12.911804534851457], [75.5571132220976, 12.912026019884932], [75.55703939765016, 12.912306212661631], [75.5569518054815, 12.912477906730034], [75.55695178839437, 12.912477935508377], [75.556845794298, 12.912636054310493], [75.55678585808096, 12.912794227971286], [75.55675357511745, 12.912857491679972], [75.5567535481378, 12.912857530350777], [75.55675356972154, 12.912857553733144], [75.55725105309371, 12.913404479133474], [75.55837485941231, 12.914837554209779], [75.55993156878692, 12.917047972685852], [75.5644590464479, 12.923340413928997], [75.56713992007133, 12.92626519987914], [75.57124444567467, 12.930351829873075], [75.5714097968247, 12.932561948874879], [75.57204068203193, 12.934482925946327], [75.57223412620402, 12.934785795128388], [75.57375440314325, 12.93589340555627], [75.57845845099678, 12.938655820709585], [75.57981304133887, 12.939062834082561], [75.58324105553032, 12.940428353885464], [75.58486190725125, 12.941153192166151], [75.58542501954906, 12.941404922299395], [75.5866459634405, 12.94207405837113], [75.58666900047405, 12.94207856847123], [75.58667021815609, 12.942078064850874], [75.59008745217426, 12.942776092542658], [75.59121684328272, 12.943050990111145], [75.59282034888008, 12.943331425704798], [75.59282200183395, 12.94333209659902], [75.59327526913842, 12.943416914359144], [75.59388826233351, 12.943531619288875], [75.59389287855356, 12.943532482638034], [75.59354328419528, 12.94346425916825], [75.59545139646485, 12.943828928862047], [75.5964846860195, 12.945755345932522], [75.5974369754361, 12.947530703878954], [75.60101205306387, 12.954549998783476], [75.60281850237203, 12.958230669409941], [75.60292863334979, 12.958455057455014], [75.6029286585308, 12.958455101521793], [75.60286869713275, 12.959033600320423], [75.60274036927268, 12.959493895826656], [75.60267969741017, 12.959711514674721], [75.60218645434145, 12.961433418717377], [75.60213111186135, 12.961889889406903], [75.60213035463221, 12.961891127773352], [75.60213035013561, 12.961891165544897], [75.60200347827794, 12.963052817133871], [75.60190725981226, 12.964217335761473], [75.60190508075493, 12.964217440082844], [75.60190507985561, 12.96421748055235], [75.60184047166052, 12.96518009958197], [75.60190505647324, 12.965797211672056], [75.60197859133899, 12.9664998268056], [75.6022226925233, 12.967950630217443], [75.60258200135831, 12.969455680735107], [75.60270560238172, 12.969778588611007], [75.60300586802646, 12.970563015970468], [75.60300713696984, 12.970563865829773], [75.60306326365873, 12.970709376136824], [75.60306604436249, 12.970716580605767], [75.60306605695303, 12.970716613880656], [75.60312550303956, 12.970869079544457], [75.60312564783044, 12.970870352984432], [75.60312750403114, 12.97087578938624], [75.60313026405049, 12.970883917458876], [75.60313196376916, 12.970885550627711], [75.60313198265493, 12.970885579406003], [75.60376386700892, 12.972652487322478], [75.60379043657946, 12.97267667189095], [75.60378910828081, 12.972678241207914], [75.6038312819881, 12.972799063326137], [75.6039042952471, 12.973008176386259], [75.60413467007902, 12.97355056470684], [75.60490880379831, 12.974431941680788], [75.6057382197431, 12.975151120527812], [75.60669399852924, 12.97600351864753], [75.60637807838566, 12.975716484728023], [75.60735112955103, 12.976592512534467], [75.60870597170327, 12.97765921010449], [75.60909761836048, 12.978025384364058], [75.60917139154657, 12.978337173022167], [75.60910677615686, 12.978951816473222], [75.60889476458175, 12.980027479384718], [75.60883941400783, 12.980859095970569], [75.60885322039985, 12.981188981686216], [75.6090006228805, 12.981329102356256], [75.60945045567405, 12.981750954542974], [75.60990648029986, 12.9821671077259], [75.61011125413114, 12.982350646764981], [75.61068704597045, 12.982861140629211], [75.61127193535157, 12.983361580972256], [75.61127253519942, 12.98336314039665], [75.61139698608213, 12.983467043569247], [75.61291673601863, 12.984803736503295], [75.61241670846437, 12.984350553735114], [75.61241547999049, 12.984348429536453], [75.61393160026319, 12.985704391344655], [75.61396846527254, 12.985736045682014], [75.61400476191028, 12.985768309759747], [75.61476119337442, 12.98644112495799], [75.61476336253918, 12.986442637617698], [75.6170319869367, 12.988602976446257], [75.6166710521274, 12.988243214352904], [75.61695023856271, 12.988506719309722], [75.61720829362793, 12.988723588123147], [75.61889400895144, 12.99020208885537], [75.61899641475281, 12.990296530260704], [75.61957706113253, 12.991078369371277], [75.61992737314984, 12.991937162570025], [75.62011146347334, 12.992453430981127], [75.6203190611758, 12.99303537598189], [75.62087669840099, 12.99427825613668], [75.62087478284502, 12.994277470129191], [75.62132371541719, 12.995315927188358], [75.62124823351922, 12.995137274165927], [75.62137439131516, 12.995430799391952], [75.6213737977626, 12.995429240866827], [75.62224714828733, 12.997633147351905], [75.62224543507881, 12.997631823549852], [75.62233760389734, 12.997880407854607], [75.62253584865056, 12.998201349812517], [75.62253434228614, 12.998199222016524], [75.62291399378586, 12.99880398821352], [75.62330325544093, 12.999402799999244], [75.6233055460142, 12.999403505967054], [75.62390468964975, 13.000312019084443], [75.62445119776464, 13.001254987028062], [75.6245637200397, 13.001672393865931], [75.62460331988734, 13.00174408332282], [75.6246835520044, 13.001889332826522], [75.62506148939627, 13.002526581636458], [75.62533801653632, 13.003656470070098], [75.62553160370061, 13.004239499653238], [75.62592796460393, 13.004564899550532], [75.62673915219017, 13.00578065435377], [75.62673918366647, 13.00578069842055], [75.62844909255165, 13.008203077210283], [75.6284491240279, 13.008203117679786], [75.62992404815634, 13.009997360489816], [75.6314220371973, 13.01169667805931], [75.6314220776668, 13.011696671764016], [75.63270339304722, 13.011651475435317], [75.63279966007633, 13.011642614415168], [75.63653356337329, 13.011298871945426], [75.63758905089406, 13.011244605054515], [75.6376766313715, 13.011628715392932], [75.63767664396198, 13.01162875856039], [75.63822981695256, 13.01330097236206], [75.63834967409827, 13.013685111478761], [75.63834970197723, 13.014308792217035], [75.6382391519154, 13.015664650603183], [75.63821613646559, 13.016374220194164], [75.63826686632287, 13.01694819540296], [75.6383013535247, 13.017151032993807], [75.63833599181265, 13.017354948871853], [75.63836969930225, 13.01769260832725], [75.6383959729958, 13.017956039539625], [75.63839599547885, 13.01795606741865], [75.63854805914565, 13.018200041798533], [75.63854808972263, 13.018200087663958], [75.63859317183744, 13.018229553950789], [75.63867254150468, 13.018281473611182], [75.6392302191993, 13.0181413196662], [75.63923025787017, 13.018141310673], [75.63963589528038, 13.018069006079827], [75.63972266007278, 13.018092515257422], [75.63985250149182, 13.018127723715507], [75.64019818469853, 13.018511892509878], [75.64029435100355, 13.018664323999417], [75.640354950021, 13.018760432747795], [75.64031716950183, 13.01891129222241], [75.64029040567772, 13.019018033655358], [75.63987563295416, 13.019483538034876], [75.63981049505838, 13.019582571378637], [75.63959909052568, 13.019903899145676], [75.63948849190047, 13.020360373432538], [75.63941939968561, 13.0212823601928], [75.63958080371118, 13.02273310694738], [75.63964428595511, 13.023009405659591], [75.63969602485173, 13.02323472360365], [75.6397337001502, 13.023382341022282], [75.63977905026303, 13.023560168467043], [75.63990815873461, 13.024423389927563], [75.63995885351835, 13.024717120199], [75.63995887780004, 13.024717153473885], [75.64011558556587, 13.024947651512944], [75.64038752076756, 13.02498834223826], [75.64068719465837, 13.024929576039142], [75.64073484343834, 13.024955030450371], [75.64083928620414, 13.025010881047365], [75.64140636001554, 13.026796063187817], [75.64140638159927, 13.026796100959357], [75.64149929145918, 13.026844653557989], [75.64161377965229, 13.02690451513132], [75.64161382012173, 13.026904507037443], [75.64218535996646, 13.02681865775491], [75.64228683946612, 13.02681375644977], [75.6423743273134, 13.026809567407668], [75.64268736333123, 13.027001373914343], [75.64289056155025, 13.027125903937359], [75.64299093308517, 13.027265514691804], [75.64303351868199, 13.027324759330215], [75.64298463063625, 13.027431038511681], [75.64292746792836, 13.027555289744896], [75.64235137301752, 13.028133771456451], [75.64217158415136, 13.028373292393553], [75.64210250722499, 13.028951838856303], [75.64215326945788, 13.029878319528848], [75.64221056886271, 13.030190108187012], [75.64228695368001, 13.030605917828895], [75.6423976071639, 13.031026215987142], [75.64245419880228, 13.031142180866992], [75.64249906957644, 13.03123414374079], [75.64258569947049, 13.031301659444068], [75.6426788044833, 13.031374232035205], [75.64267884405348, 13.03137424102846], [75.64340715911317, 13.031527873112905], [75.64340719058941, 13.031527881206785], [75.64384963365372, 13.031667967702617], [75.64432905773987, 13.032115313870689], [75.6443291045046, 13.032115347145577], [75.64479929165407, 13.032359375484816], [75.6455598761874, 13.032522021474161], [75.64555990946229, 13.032522025071442], [75.64606231572333, 13.032463241785251], [75.64616398677862, 13.032424249879282], [75.64688738614399, 13.032146822517914], [75.64712745746624, 13.031966626258848], [75.64763406446059, 13.031586402790309], [75.64781844166782, 13.031364883582565], [75.64781846325155, 13.031364859300878], [75.64786453102336, 13.031193129259577], [75.64775403132353, 13.031104517259735], [75.64750956501445, 13.030908436275354], [75.64739893491299, 13.030714132351363], [75.64747726856115, 13.030524280071514], [75.64784599779462, 13.03015364517461], [75.64819165312237, 13.029706208175016], [75.64835755375816, 13.029227168998716], [75.64851429300029, 13.029181906120128], [75.64861107803887, 13.029154790661094], [75.65083739293141, 13.02852188827455], [75.65127532859361, 13.028953125786186], [75.65186538457988, 13.029534207437793], [75.65228945089751, 13.029516047427705], [75.65457570110777, 13.029429960724144], [75.65457575057047, 13.029429958925505], [75.65516532991609, 13.025705872627952], [75.65516533621133, 13.02570583305777], [75.65555222455555, 13.023197478181146], [75.6556443403141, 13.02256020598878], [75.6558010894488, 13.022840404161402], [75.65592105811038, 13.02390247382016], [75.65605375577627, 13.024219993857683], [75.65607781533896, 13.02427757025373], [75.65639132260151, 13.02481536393793], [75.65676933823443, 13.025190443284373], [75.65725796418377, 13.02536664565423], [75.65802772449996, 13.025375606499095], [75.65802777486198, 13.025375605599779], [75.65906482538145, 13.025361931408042], [75.65951657283165, 13.025538130180623], [75.66040163882462, 13.025944783824741], [75.66083689900375, 13.026109771648692], [75.66123598395353, 13.026261046610044], [75.66146183159833, 13.026410137118203], [75.66146186577254, 13.026410162299214], [75.66165089787069, 13.026762656971073], [75.66178929454037, 13.027539995874179], [75.661876995527, 13.028380616472305], [75.66193234520165, 13.028647253767813], [75.66193237128198, 13.028647296035956], [75.66216288191151, 13.029094655693882], [75.66240034879712, 13.029323948641373], [75.66247176665878, 13.029392910454472], [75.66314017517902, 13.029686582270019], [75.66367953818019, 13.03005258925566], [75.66385937381114, 13.030490957491734], [75.66397471096417, 13.031155307371591], [75.6643803960385, 13.031634291689274], [75.66438041942087, 13.031634319568237], [75.66493360680056, 13.031905411205798], [75.66556512153318, 13.032009272110257], [75.66612747030655, 13.03187811768106], [75.66633945580128, 13.031661165230618], [75.66676799894407, 13.030739120913722], [75.66685238682823, 13.03062036813554], [75.66697998623744, 13.030440804099895], [75.66722426189023, 13.030278066379708], [75.66735781660998, 13.030235952926942], [75.66748238080726, 13.0301966768352], [75.66748242127676, 13.030196684029816], [75.6678188891305, 13.030277966554934], [75.66831674572131, 13.03049031807376], [75.66857240948917, 13.030507420481113], [75.66885606105842, 13.030526391679699], [75.66980560394552, 13.030467491481602], [75.67009602021523, 13.030607554595008], [75.67020854608757, 13.03064283230094], [75.67044175828056, 13.030715962471733], [75.6704418050453, 13.030715949881255], [75.67075519449668, 13.030666196687662], [75.67083993041854, 13.030618703490402], [75.67088424631095, 13.030593864215515], [75.67088425710284, 13.030593829141935], [75.67087993496109, 13.03043220028587], [75.67087496530746, 13.030245864355209], [75.67099013698527, 13.029943077011469], [75.67099014777716, 13.029943040139244], [75.67106579964702, 13.02990157329901], [75.67114685554299, 13.029857143192658], [75.67127191706538, 13.02987941670176], [75.67134967874472, 13.029893266261295], [75.67143746516695, 13.029909279589617], [75.67201807737246, 13.030015186451747], [75.67264958041388, 13.030060272163894], [75.67333639445911, 13.030069194337894], [75.67354387165238, 13.030286109916062], [75.67392848561116, 13.030462234944252], [75.67403712911027, 13.03051198364119], [75.67477465052976, 13.030579647732623], [75.67526962479343, 13.03072026302976], [75.67555369814471, 13.030800963693595], [75.6766855435031, 13.031127602856655], [75.67749440814049, 13.031361025490977], [75.67874830319171, 13.031903127827148], [75.67923693093968, 13.031979864279377], [75.67938392512809, 13.031941400275453], [75.67958262493823, 13.031889406870674], [75.68015867488299, 13.031247525652818], [75.68082691523, 13.030831629676017], [75.68082696199474, 13.03083159909909], [75.68100241612865, 13.030798546315907], [75.68128328249753, 13.03074563650199], [75.68151834189803, 13.030808849848595], [75.68151837787087, 13.03080886603641], [75.68204395156715, 13.031147720690797], [75.68278616834704, 13.03159950321458], [75.68332092322208, 13.031825377838969], [75.68332096099363, 13.03182540301998], [75.68361138625653, 13.032101004757632], [75.6837291290961, 13.032507333746478], [75.6838143659403, 13.03280148490063], [75.68379606833395, 13.033407100057671], [75.68368555694298, 13.033940423212014], [75.6836855425538, 13.033940468178114], [75.6833538429056, 13.03466362292789], [75.68338618072772, 13.034989009335336], [75.68357062718275, 13.035305343167124], [75.68378552108499, 13.035489602563132], [75.68419761472819, 13.035842981268614], [75.68419766419089, 13.035843022637438], [75.68419770196243, 13.035842992060507], [75.6843313178361, 13.035739045720446], [75.68436723406069, 13.035706525335911], [75.68439123966402, 13.035684800413266], [75.68471067525752, 13.035513351859775], [75.68590758656592, 13.034870961625641], [75.6859258814743, 13.034260827375306], [75.68613320578288, 13.033863068925543], [75.68642815463568, 13.033691277730327], [75.68642818521266, 13.033691262441835], [75.68807822802785, 13.033017481371697], [75.6890971527115, 13.033970832887688], [75.68909718059047, 13.03397086076666], [75.69057678209288, 13.033726460108088], [75.69073362565638, 13.034169332149014], [75.6901897408639, 13.034350242469769], [75.6895767269844, 13.03459896077345], [75.68923104737502, 13.034829486691478], [75.68888547028826, 13.035349322713103], [75.6882682421857, 13.037130176416554], [75.68826822150129, 13.037130221382652], [75.68875691400046, 13.037487084061752], [75.68910740318415, 13.037934486887082], [75.68913053554581, 13.038318615211951], [75.68894619161352, 13.038616959904802], [75.68868487830457, 13.038939303006487], [75.68848080324653, 13.039191018750559], [75.68844396971349, 13.039367288569565], [75.68853691464693, 13.039574259444578], [75.68854543392467, 13.039593228844467], [75.68868378832622, 13.039787545358987], [75.6892047188228, 13.040112857122722], [75.68977183939893, 13.040438131114911], [75.68987681456338, 13.040489537262374], [75.69007609803356, 13.040587171260993], [75.69027906962344, 13.040751177025243], [75.69033887004286, 13.04079950569269], [75.69040451335763, 13.040961259554535], [75.69048189462382, 13.041152011156443], [75.69044111216766, 13.041872498517021], [75.69040846138142, 13.042449120430609], [75.69043259288992, 13.042732031857838], [75.6904639576456, 13.043099916627908], [75.69057940451597, 13.043899827615004], [75.6906855604903, 13.044356292009297], [75.69083309067463, 13.044473753361103], [75.69098595563742, 13.044515590721968], [75.69114656106501, 13.044559583757858], [75.69169050611202, 13.04444643195734], [75.6922344358706, 13.044423699793981], [75.69306430777164, 13.045024562033973], [75.69306435453638, 13.04502458991294], [75.69328564531634, 13.0451284912869], [75.69408314162376, 13.04514635452068], [75.69429062781029, 13.045309049972731], [75.69468728099326, 13.046081736682877], [75.69524016530147, 13.044879433938776], [75.6957048746803, 13.041796985142808], [75.69578741175968, 13.040201589631694], [75.69583319804372, 13.039216327471594], [75.69615557531961, 13.038163216859004], [75.69645483102568, 13.036870608691686], [75.69711172192848, 13.036545423732376], [75.69747802389173, 13.036364111414684], [75.69822932292499, 13.036146968308001], [75.6983068786596, 13.036127944948753], [75.6984136947363, 13.036101744999598], [75.6994266398276, 13.036059199872227], [75.70144676715466, 13.035974356031772], [75.70341399995618, 13.03588689696278], [75.70368869697586, 13.03587468416941], [75.70512981738722, 13.035810621862764], [75.70589968382342, 13.036149331726335], [75.70840307534172, 13.037310090288486], [75.71040855091394, 13.038222397645596], [75.71142080262797, 13.036568099238423], [75.71189663662057, 13.035790441975392], [75.71241721278422, 13.034904453277928], [75.71287789499894, 13.034117910713062], [75.71376758800386, 13.034253208318944], [75.7148140580224, 13.034524034656497], [75.71485195365477, 13.034449649032126], [75.71492921171381, 13.034298020637209], [75.7152458630062, 13.033667058987646], [75.71553263252503, 13.03309563425614], [75.71631104162134, 13.03142768054306], [75.71654596882144, 13.030998247970844], [75.7210632922372, 13.031041878579853], [75.72293014181264, 13.031271598705358], [75.72370004781902, 13.031366341383603], [75.72434702009895, 13.031442320606685], [75.72477411533322, 13.031492474897844], [75.72443742085034, 13.030927713243441], [75.72443739387069, 13.030927671874622], [75.723902371897, 13.030123389283064], [75.72368091654113, 13.029594698536583], [75.72368090574923, 13.029594662563683], [75.7236481110715, 13.029451532762094], [75.72357010387725, 13.029111152857466], [75.72360197495124, 13.028098774339014], [75.72368936657108, 13.02761967490812], [75.7238599760571, 13.027270318870192], [75.72406241884562, 13.026855740400151], [75.72423738284897, 13.026385683652448], [75.72423739993611, 13.026385651276824], [75.72452297695389, 13.025920075850879], [75.72452300573218, 13.025920041676613], [75.72462534228578, 13.02583249627276], [75.72506212231917, 13.025458852244297], [75.72549530326569, 13.025201080465534], [75.72616355080726, 13.024920621489514], [75.72686405882934, 13.02460398728425], [75.72727878928475, 13.024346226297382], [75.72760591947764, 13.024034266768068], [75.72761456735844, 13.024019612315328], [75.72790994878517, 13.023518923759354], [75.72845855501834, 13.023776319621506], [75.72954673559343, 13.024675279240798], [75.72957675676196, 13.02470086944959], [75.7301491428687, 13.025188791229768], [75.73107298672903, 13.025976296069247], [75.7317062335559, 13.026460778841908], [75.73204127508484, 13.026717110806088], [75.73230890163455, 13.026779475192653], [75.73262211931541, 13.026852464169961], [75.73416189535527, 13.027385154201566], [75.7345215144564, 13.027579335817732], [75.73549155469158, 13.02819759184541], [75.7363427396258, 13.028740134849386], [75.74023371041744, 13.030044625758931], [75.7401976341136, 13.031762008909649], [75.74019763321428, 13.031762042184537], [75.74013824918092, 13.032937102665187], [75.7400740987407, 13.033773235646377], [75.74000566662829, 13.035332488303764], [75.73996918922677, 13.036204774930468], [75.73996010607408, 13.036606962541326], [75.74014138871416, 13.039797689711634], [75.74017427602206, 13.041176080611702], [75.74017427872002, 13.041176113886593], [75.74024821288475, 13.04164613106417], [75.74168648064665, 13.041699760335744], [75.74139692412882, 13.043503121371996], [75.74127945468314, 13.044168388560308], [75.7411854287646, 13.044700876244521], [75.74093718620225, 13.0461652621172], [75.74093717630967, 13.046165296291461], [75.7407576113747, 13.046635400703225], [75.74033855967684, 13.047539432498864], [75.74033853629447, 13.047539478364286], [75.74057840976587, 13.048132698165547], [75.74078619632598, 13.048646559990798], [75.74117861190348, 13.04989376858259], [75.7415755978356, 13.051068659990735], [75.74173938146731, 13.052372033042959], [75.74185784286522, 13.053314719498756], [75.74197142993762, 13.054427247419596], [75.74198288909912, 13.054539458529232], [75.74216320406867, 13.055714438070938], [75.74247257984575, 13.056776371932072], [75.7422054506211, 13.057332378686397], [75.7416231440929, 13.058575424316414], [75.74107251798239, 13.059750802257781], [75.74045078427633, 13.061102395159478], [75.74105623485741, 13.062774960596016], [75.74112471103666, 13.062964130290426], [75.74112472902306, 13.062964175256523], [75.74155849362961, 13.063894952889823], [75.74158708307749, 13.065901589486826], [75.74159955127834, 13.066314779403573], [75.74161517520025, 13.066832562272964], [75.74198802063069, 13.066821350425014], [75.74222370685862, 13.06681425657274], [75.74236250912253, 13.06786270330116], [75.74236251361918, 13.06786274287134], [75.74251525447545, 13.069195882583982], [75.74251539117245, 13.069494168820881], [75.74191611263853, 13.069575781397244], [75.74187491019899, 13.070663432271656], [75.74187056737287, 13.070777981618619], [75.74187056017826, 13.070778022987438], [75.74174165405412, 13.071144115408629], [75.74128612495474, 13.07229429974217], [75.74088054240315, 13.073318357756076], [75.74020824431506, 13.07505865293456], [75.73999637573223, 13.075519723656384], [75.7396748510136, 13.07635663904773], [75.7391767093377, 13.07765326628527], [75.73875300095028, 13.078634168532117], [75.7379931808407, 13.080618544210493], [75.7379340755972, 13.080728932394377], [75.7378503783923, 13.080885252552438], [75.73737150019464, 13.082241306091474], [75.73691559877591, 13.083434628205566], [75.73617885257204, 13.085531970424142], [75.73617883908224, 13.085532006397042], [75.73547404399199, 13.087445696261907], [75.73546407230913, 13.087472678621282], [75.73530123566354, 13.087914926532674], [75.73511509308713, 13.088420352717149], [75.73423087605414, 13.090743712552351], [75.73397293520287, 13.091326839262251], [75.73341832959227, 13.091475992722962], [75.73291261562474, 13.091611969317002], [75.7319122178746, 13.091910645859683], [75.73161089282848, 13.092002036764653], [75.73128527439593, 13.092100748151042], [75.7307690473537, 13.092485108501023], [75.7304811995478, 13.092713973371243], [75.7300638412733, 13.093045751260432], [75.72916352907367, 13.094018100954655], [75.72896702450862, 13.094230319373763], [75.72795312703524, 13.095360586421975], [75.72743700341505, 13.096029665836454], [75.72734507111818, 13.096721179738724], [75.72723468113566, 13.09772082205836], [75.72711996181687, 13.098759545316797], [75.7270787180085, 13.099446473575936], [75.7272403891327, 13.10007466261561], [75.72775321763692, 13.102673174527409], [75.72813680996586, 13.104770038306699], [75.7282939341178, 13.105664849353387], [75.72989415449172, 13.106102650117233], [75.73143897213089, 13.106603656133869], [75.73359779110524, 13.108735979282073], [75.73496076222943, 13.110054502313458], [75.73511079432774, 13.110199642999191], [75.73511082130739, 13.11019966638156], [75.73528140651177, 13.110195137395749], [75.73545666639211, 13.110190508585164], [75.73650742617684, 13.110180132207404], [75.7383292044293, 13.110162165551575], [75.73832992928288, 13.11164838246691], [75.73833016850256, 13.112155247566644], [75.73833017209984, 13.11215528264023], [75.73871382917991, 13.114261153129743], [75.73841460854743, 13.115350472246519], [75.73829938650755, 13.115440889185718], [75.73763056789647, 13.114984688292793], [75.73728021181239, 13.115111402769058], [75.7372801812354, 13.115111423453467], [75.73677781544387, 13.115658469362929], [75.73601431620779, 13.120087857068992], [75.73545310058017, 13.123107106907526], [75.73534263595394, 13.123545544391394], [75.73828985908978, 13.124922785957832], [75.74003784347178, 13.125794245208281], [75.74122317241154, 13.126177846530423], [75.74362283792368, 13.127033340116613], [75.74470526823359, 13.127419217622842], [75.74572358317687, 13.127899454696148], [75.74647641105759, 13.128254492650742], [75.74676668523438, 13.128465740701413], [75.74715906663766, 13.12875131322255], [75.74831691499367, 13.129586899415925], [75.74911785570453, 13.131004719292433], [75.74911788178485, 13.13100473907747], [75.75048422176945, 13.132231814546628], [75.7506732196934, 13.132367460190208], [75.75067324667305, 13.132367488968498], [75.75122613907513, 13.133276220621152], [75.75241223153932, 13.134628384592304], [75.75290380186902, 13.135188773742982], [75.75371489322782, 13.13609301687927], [75.75364550513603, 13.13652689210244], [75.75352724068966, 13.136858370517416], [75.75334079684035, 13.137380941377387], [75.75321751597562, 13.13782393842405], [75.75315593489853, 13.138045223808087], [75.75298589738134, 13.138603608369861], [75.75275413669414, 13.13936468573172], [75.75259893529267, 13.13987833621627], [75.7523568072209, 13.140679663635636], [75.7522710505686, 13.140839248332666], [75.7522184006587, 13.140937224973014], [75.7520753194205, 13.141199260437588], [75.75134306712891, 13.141862389038065], [75.75133713250273, 13.141867761588003], [75.75133710282512, 13.141867792164929], [75.75077412542561, 13.142540894246906], [75.75060459602537, 13.142782064540711], [75.75052954400331, 13.142888832053982], [75.75047412867815, 13.143114774127579], [75.75050154900731, 13.143212287617017], [75.75057073025505, 13.143458310652589], [75.75169052379869, 13.145117526552665], [75.75184210812682, 13.145471915196765], [75.75190704997044, 13.145623765724281], [75.75185624277145, 13.145709624899327], [75.7491177738662, 13.146943136816331], [75.74911773699404, 13.146943150306182], [75.74884959063615, 13.147044770100138], [75.74823352985358, 13.147416164924095], [75.7479247323406, 13.147800455126966], [75.74761130781565, 13.148116961628547], [75.74761126644682, 13.14811700209799], [75.74708577548819, 13.148609801800944], [75.7460118230872, 13.149704018625584], [75.74506227930078, 13.150599268541441], [75.7450622460259, 13.150599302715705], [75.74493315194348, 13.150743985646443], [75.74481789932668, 13.150757592389029], [75.74470292639899, 13.15066335063318], [75.74461950978258, 13.150594943701718], [75.74437501199725, 13.150432359765658], [75.7438215566196, 13.150319620753919], [75.74328658770594, 13.150279213315113], [75.7421611985805, 13.149999513366877], [75.74142776997564, 13.14965635365786], [75.74081419042261, 13.149191113679022], [75.74029329499962, 13.149661367378258], [75.73954727138954, 13.15032473339977], [75.73881349834431, 13.15097716366523], [75.73687739827335, 13.152722495047158], [75.73608456045417, 13.153685424342878], [75.73532017628514, 13.154634409650326], [75.73519965454051, 13.154784029859115], [75.73519962576216, 13.154784061335418], [75.73454504521771, 13.155376359331571], [75.73454501014413, 13.155376377318019], [75.73455698371788, 13.155894412896883], [75.7345685157245, 13.156393243453463], [75.73463828962542, 13.157753568772247], [75.73463088190971, 13.159313101118753], [75.73463088280903, 13.15931313619234], [75.73462562807032, 13.16041957570292], [75.73462562177508, 13.16042004784697], [75.73217244120526, 13.161230025845043], [75.7319373548251, 13.16151936382761], [75.73193732874478, 13.161519397102548], [75.73119526035305, 13.162513940266194], [75.73101270517225, 13.162745207225555], [75.73086337904175, 13.16293437961798], [75.73053150672371, 13.163291515690956], [75.73053146985148, 13.163291548066525], [75.7304599512658, 13.163561271835247], [75.73044398110488, 13.163621488640839], [75.73020912585054, 13.164444135388578], [75.73020911865598, 13.16444418035468], [75.7301173068683, 13.16546104469148], [75.73009497850052, 13.165924554374726], [75.73009444879983, 13.165935562076585], [75.73009444879983, 13.165935595351469], [75.73017349830837, 13.167472176100091], [75.73017352888532, 13.167472211173676], [75.73023776566043, 13.167956924172758], [75.73033425752004, 13.168685002710731], [75.73039095707708, 13.169112648330099], [75.73049746918292, 13.170156581361198], [75.73047461651038, 13.170631147309678], [75.7303507241067, 13.172136170847635], [75.73034370309949, 13.17236399879954], [75.73033707509597, 13.172579082458752], [75.73027282303241, 13.173329320291941], [75.7302397351757, 13.173477542054968], [75.73019916675821, 13.173659283349311], [75.72965537369657, 13.174712526162182], [75.72945264582302, 13.175178105185468], [75.7293738535206, 13.175404677683789], [75.72918544914921, 13.175946519216552], [75.72913220658614, 13.176301861142006], [75.72907506456266, 13.176683231246159], [75.7290524717942, 13.177808580801406], [75.72908497329291, 13.178323783515852], [75.72910827562646, 13.178911301615301], [75.72941768287984, 13.179824108995488], [75.7295307897142, 13.18000865707393], [75.72972231113579, 13.180321131914754], [75.72958068949727, 13.180792083487914], [75.72930771737731, 13.18169975214192], [75.7290867503533, 13.182572051359157], [75.72878713042178, 13.183119047805862], [75.72875030498267, 13.183218473253985], [75.72895970222851, 13.183342840499733], [75.72916091834179, 13.183462352305751], [75.72930810678378, 13.183649040770659], [75.72936396187737, 13.18371988846212], [75.72936398705843, 13.183719923535703], [75.72963629188143, 13.184171722247244], [75.7296775356898, 13.184247998246576], [75.72976089474957, 13.184402198702571], [75.73010221354639, 13.184343277820064], [75.73039278090215, 13.184343163606169], [75.73077572661856, 13.18462773608121], [75.73113462356406, 13.184958616447034], [75.73132941851793, 13.185138220052863], [75.73244139425498, 13.186132085127669], [75.73316361191121, 13.18744142787966], [75.73325385977785, 13.187605051432], [75.73360018779846, 13.188526872717034], [75.73396960681198, 13.189498399531542], [75.73419140930618, 13.19042027387661], [75.73419144437969, 13.190420287366408], [75.73467121740282, 13.190673162336623], [75.73471617361258, 13.190722917328797], [75.7347773266124, 13.190790624587693], [75.73454079142442, 13.190994430748448], [75.73428400710128, 13.191215669367697], [75.73428398281959, 13.191215704441277], [75.7342932827089, 13.191369346418243], [75.73461660517222, 13.192372496093867], [75.73521279633354, 13.194126141708125], [75.73534172494072, 13.194505366929208], [75.73534173932984, 13.19450540560001], [75.73574812857333, 13.195621495735507], [75.73574815015706, 13.195621544298888], [75.73636676141695, 13.196877646286392], [75.73680998599212, 13.197835593338025], [75.73770564689812, 13.199593254425222], [75.7384257700333, 13.20079963649408], [75.73930282936215, 13.202146010629914], [75.74174931537868, 13.205891578133897], [75.74289403003553, 13.20750902682016], [75.74322627377359, 13.20783876234907], [75.74381197973912, 13.207540298945673], [75.74442067327551, 13.207246223334607], [75.74494186907208, 13.207119432415935], [75.74535243836443, 13.207051454461123], [75.7456706661684, 13.207064858856196], [75.74617820665895, 13.207335790414447], [75.7465288460295, 13.207462199121265], [75.74695782354479, 13.207448423306118], [75.74722531339756, 13.207394063785044], [75.74759426116628, 13.207172467235637], [75.74784780882936, 13.206855994908269], [75.74802751675657, 13.206530534756439], [75.74819807228329, 13.20621405613383], [75.74836869435984, 13.206069354317316], [75.74852543090395, 13.205960861004995], [75.74863613924646, 13.20592007944816], [75.74882982623552, 13.205915479415863], [75.74899140203166, 13.206028397392684], [75.74911726754789, 13.2061743555621], [75.75022964977859, 13.206324103474628], [75.75064466711774, 13.206477961288954], [75.75073689978814, 13.206586480681606], [75.75089818510321, 13.20683508836868], [75.75097648277853, 13.207092762121306], [75.75097581907886, 13.208340158671431], [75.75101712673904, 13.208864428350749], [75.75116446266986, 13.209452019295327], [75.75142709078767, 13.209994426501622], [75.7529710675608, 13.212652675880346], [75.7536118228274, 13.213584006596703], [75.7541742291574, 13.214198922542266], [75.75480141725166, 13.214660183920387], [75.75517039469804, 13.214768894868651], [75.75642496244211, 13.214990968958091], [75.75662791244827, 13.215094948573041], [75.75681229954802, 13.215321040833429], [75.75800144610992, 13.21737339716458], [75.75836122079376, 13.217468511262837], [75.75931151011815, 13.217482500217272], [75.76094001147244, 13.217243731113342], [75.76160434336583, 13.217036149598696], [75.76180281025154, 13.216882547191858], [75.76188585185065, 13.216751559137206], [75.76185869862007, 13.215743723993741], [75.76192346959249, 13.215309877548862], [75.76211277688321, 13.214903182535918], [75.76235278525292, 13.214614099061464], [75.76263424247634, 13.214496666488003], [75.76386138089805, 13.214171789996156], [75.76450270003966, 13.213869340797485], [75.76506574039166, 13.21341310033438], [75.7660396009469, 13.212184217227902], [75.76630255012265, 13.212175284262004], [75.7665931642432, 13.212229710332906], [75.76773226982846, 13.212777069206425], [75.76858548093526, 13.213134426512626], [75.76958627708507, 13.213681680165452], [75.77001526359362, 13.213785862127905], [75.77053653763119, 13.213722795370755], [75.77122859022734, 13.213460973045525], [75.77216516309188, 13.212991312898795], [75.7724050266707, 13.21300498709053], [75.77395010871061, 13.213566050732707], [75.77439285214848, 13.213828352396602], [75.77452656335026, 13.214036342203485], [75.77456795374815, 13.21435265535081], [75.77433686305585, 13.215378547082311], [75.77426280028806, 13.215966054389924], [75.77452571888688, 13.216033881258682], [75.77583116307778, 13.216161010322423], [75.77732211042712, 13.213702972514223], [75.77849936165626, 13.211199652941673], [75.77897959333364, 13.209988643860868], [75.78424201135977, 13.21239955629454], [75.78474248497776, 13.212523373155195], [75.78528436428206, 13.212657479159361], [75.78677435745067, 13.21276652735338], [75.7879504035883, 13.213600441707058], [75.78952297340658, 13.21471537081777], [75.79051478622847, 13.214553068369469], [75.7913036553395, 13.214395143820864], [75.79221702299725, 13.214305042543742], [75.79306224542637, 13.214407662383735], [75.79580111722782, 13.214740094979451], [75.79664071169952, 13.21475395533082], [75.79703273517266, 13.214871560574124], [75.79703276754822, 13.214871573164604], [75.79744784244406, 13.215070536476105], [75.79883125605767, 13.216530753991151], [75.79985535184306, 13.216499403624654], [75.80298297088746, 13.216396433048999], [75.80570939517253, 13.21597691100567], [75.80848098610869, 13.218852075962559], [75.81023815616601, 13.220339498868837], [75.80991452253727, 13.22269406877632], [75.80980815702088, 13.223756124045957], [75.8099822360914, 13.228280133921086], [75.81005530330965, 13.230996341008392], [75.81119018927586, 13.230888183143179], [75.81249118991656, 13.23079809535585], [75.81250945244932, 13.231534831667204], [75.8124678174359, 13.232059053682404], [75.8122785425208, 13.232456671838008], [75.81172937600996, 13.233166089443502], [75.8110971535109, 13.233907163185107], [75.81033046617813, 13.237278492208706], [75.8099654169705, 13.239203632241866], [75.80985881852973, 13.241110836196183], [75.80992325855158, 13.241856555835453], [75.81007061696545, 13.242629443094357], [75.80962769276385, 13.242697125172244], [75.80942423374142, 13.244590740370427], [75.80918402212495, 13.245494572516577], [75.80892561362623, 13.245833439761496], [75.80762424066626, 13.247030707201418], [75.80861522611184, 13.250357333624095], [75.80866381378405, 13.251237688068896], [75.80868630582842, 13.251874416171404], [75.80874811982994, 13.253629310944008], [75.80880326445913, 13.254537711646151], [75.80933829362743, 13.254958198661996], [75.81054227270778, 13.255717767860745], [75.8117739401153, 13.256617482011217], [75.81310243393023, 13.257526261327937], [75.81387287683185, 13.257878979931036], [75.81460640436211, 13.258014755076942], [75.81551991321352, 13.258191227243401], [75.81574129212697, 13.258286154282644], [75.81587964472988, 13.258503135511319], [75.8160318037248, 13.258964142381329], [75.81697306565451, 13.258964432862339], [75.81817266143923, 13.258991823513895], [75.81818583650723, 13.258991842399665], [75.8181864471469, 13.25899185049354], [75.81890654060442, 13.257604466373095], [75.81937727813892, 13.257102932454412], [75.81964021112692, 13.256981025753758], [75.81997241079819, 13.256940370102031], [75.82044307278967, 13.256926940525943], [75.82065068398191, 13.256859190099588], [75.82088602576954, 13.256710095094887], [75.8212875191038, 13.256303460336483], [75.82158744030818, 13.256100128118476], [75.82207193207404, 13.255856185214842], [75.82239034783635, 13.255652933036457], [75.82263948882138, 13.255417931192596], [75.82291652677634, 13.254658719024691], [75.82312415235782, 13.254428308219868], [75.82342869158089, 13.254319849981131], [75.82374707766559, 13.254157299319957], [75.82387168143299, 13.253926741925623], [75.82416253207528, 13.25331671199672], [75.82435632428502, 13.253126966736145], [75.82453626333796, 13.253059217209167], [75.824573200293, 13.253086315581072], [75.82461925547432, 13.253126992816531], [75.82467465371235, 13.25323548702818], [75.82488221094536, 13.253465995859075], [75.82507591142422, 13.253561009233234], [75.8255188706994, 13.253588203832575], [75.82574949554282, 13.253588191242104], [75.82757652673536, 13.253615669127896], [75.83074146134942, 13.253765456610607], [75.83168731971409, 13.253801768536842], [75.83320521075194, 13.25386083600881], [75.83564112703647, 13.25398329219524], [75.8356411576134, 13.253874857338868], [75.83565531564034, 13.252044398829982], [75.83693792874249, 13.252017550469644], [75.83893101525422, 13.251963658596026], [75.84150546580469, 13.252045335923583], [75.84262194174926, 13.252316707250314], [75.84249709696348, 13.253677066743307], [75.84258011787819, 13.2543956826147], [75.84335054818928, 13.254870263851672], [75.8446791742046, 13.255457991493188], [75.84622935989711, 13.255932713024325], [75.84721195826529, 13.256298902572325], [75.8473642692457, 13.256407474125696], [75.84761332839247, 13.256705781047005], [75.84841147490971, 13.256976974307976], [75.84996169657512, 13.257112761145036], [75.85081982787284, 13.257180695932444], [75.85099974264409, 13.257316264234248], [75.85108276715602, 13.257451834334745], [75.85106884115413, 13.258034830642941], [75.85112423759352, 13.258116209395608], [75.85167791690242, 13.258306084158503], [75.85355565187189, 13.258794439411876], [75.85432614693417, 13.25870859372668], [75.85441647663913, 13.25852689020388], [75.8548751785467, 13.258310943195509], [75.85499512832257, 13.258252194083525], [75.8551474132226, 13.258211534834517], [75.85524272157437, 13.25822033470075], [75.85533676278148, 13.258229015856442], [75.85632389733007, 13.258320151353928], [75.85732052602151, 13.258347337859389], [75.85743396560508, 13.258267940313258], [75.85761113384683, 13.258143935494276], [75.85777726021247, 13.257872840259438], [75.8578418953872, 13.257316962108177], [75.8578268740111, 13.256700637824224], [75.8578143590455, 13.25618708626507], [75.85781433296518, 13.256187055688144], [75.85763441279795, 13.255929422404957], [75.85709463790727, 13.25572600834863], [75.85504156661507, 13.255264833305487], [75.85485859145086, 13.25520967608571], [75.85468166332817, 13.25515635168432], [75.85505845588307, 13.254753093880254], [75.85532769042061, 13.254464932210906], [75.8558972787365, 13.25393209558979], [75.85676721543473, 13.253118257701484], [75.85676726040083, 13.253118258600807], [75.85737626330399, 13.253159023070513], [75.85809594846933, 13.253651656398855], [75.85903710248033, 13.253638157574981], [75.85970157017141, 13.253254042739913], [75.86004753396656, 13.253213426658364], [75.85996001464304, 13.251238525337728], [75.8598631846383, 13.250298508069758], [75.85971569132613, 13.248703115256603], [75.85964657213168, 13.247401544445779], [75.85964657033298, 13.247401505774915], [75.85966046216066, 13.246691952371748], [75.8596604639593, 13.24669191909686], [75.85972516208659, 13.24578801950156], [75.8598261487578, 13.245167476497894], [75.85992814356905, 13.24454071827955], [75.86001126880507, 13.243772444542742], [75.86033884506173, 13.243745341674241], [75.8607725341252, 13.243546508764435], [75.86082327837165, 13.243465128213128], [75.8608233215391, 13.243189425751437], [75.86093401639181, 13.24308102057267], [75.86123600963418, 13.242974619083443], [75.86145993812568, 13.242895722459648], [75.861556828385, 13.242827968436016], [75.86163530232739, 13.242574863239382], [75.86248880751253, 13.242574960366197], [75.86271944224853, 13.242602087516389], [75.86304701041126, 13.24275121489671], [75.86312539711946, 13.242751213997392], [75.8631946323265, 13.242642779141022], [75.86319462693052, 13.242565904193155], [75.86247499302658, 13.24196479643825], [75.86138165214157, 13.240952345074732], [75.86130323935305, 13.240739940495923], [75.86146472881421, 13.240165940106124], [75.86155701994056, 13.240075586119472], [75.86174612038718, 13.240138866015908], [75.86330544499037, 13.241255293397103], [75.8636095624314, 13.241494801743723], [75.86474020899351, 13.242385193521898], [75.86605002658752, 13.243462188329373], [75.86683456636223, 13.244107262140458], [75.86893366495673, 13.245607779175714], [75.86893370542623, 13.245607808853324], [75.87059456528704, 13.246927522587159], [75.87169255476766, 13.248057459584118], [75.87240759763256, 13.249065268647255], [75.87240762551158, 13.249065312714036], [75.87282745152572, 13.249783913296996], [75.87315037469011, 13.250800756949443], [75.87316394995639, 13.250943648430678], [75.87319211312558, 13.251240022708942], [75.87320116120469, 13.251293317432724], [75.87321936348292, 13.251375698929392], [75.87326107583806, 13.251564471123514], [75.87346409419263, 13.251930581531152], [75.87389661054021, 13.252076269004647], [75.8741884801143, 13.252174578394147], [75.87450475998673, 13.252336514818353], [75.87470058376499, 13.252436772139388], [75.87501889520593, 13.252775714927338], [75.87503732231465, 13.252843522011005], [75.87523207230237, 13.253642710842485], [75.87540185441213, 13.254339433618043], [75.87555409974198, 13.256147202231656], [75.87565546322912, 13.257128046921878], [75.87570168928158, 13.25757534452657], [75.87585395619516, 13.258881502779165], [75.87606156558883, 13.259559430623252], [75.87640239785242, 13.260064603198941], [75.87641223643561, 13.260079181209276], [75.8767721190381, 13.260350344792643], [75.87738116510872, 13.260553766043527], [75.87902826444292, 13.260621492188134], [75.88222103217493, 13.26056729454507], [75.88408493826932, 13.260540094549755], [75.88524301775112, 13.260851938965855], [75.88597767482986, 13.261250201035978], [75.88722704179457, 13.261927477770938], [75.89069208647066, 13.263816512721917], [75.89255159218231, 13.264864943262577], [75.89348358569896, 13.265208350285207], [75.89357130107476, 13.265231433184171], [75.89360353277686, 13.265239967750345], [75.89596128088846, 13.265872585951117], [75.89832363262963, 13.266270126764992], [75.89940798209278, 13.266364894624248], [75.89983698568841, 13.265763792265261], [75.90074572093835, 13.264159347775717], [75.90204197135995, 13.2614384813009], [75.90314900802036, 13.258857758878491], [75.90340264111904, 13.2579493222035], [75.90377181641622, 13.258211427815183], [75.90441310498085, 13.258563878420318], [75.90501752134162, 13.258708470519538], [75.90556201677373, 13.25879877594281], [75.90610640428719, 13.258889084963355], [75.90648941025813, 13.259006601173777], [75.9073983559494, 13.259702468694003], [75.90793820908112, 13.260086554750728], [75.9084458080277, 13.260506801647637], [75.9089488132372, 13.260922564524776], [75.9092856435177, 13.261130414037439], [75.90956705487577, 13.261256918971695], [75.909797776846, 13.26128851035651], [75.90997313924902, 13.261270379124767], [75.9103790761335, 13.261179939702513], [75.91085887613627, 13.26092686238485], [75.91115876496508, 13.260804754236062], [75.91128795887226, 13.260795738532575], [75.91144946811852, 13.260795714250891], [75.91157860806635, 13.26083184001743], [75.9117770938379, 13.260958329663254], [75.91188779948243, 13.26104870343494], [75.91194780674597, 13.26125656733677], [75.91202628698363, 13.26137865480115], [75.9135489480256, 13.262069901604718], [75.91435528646736, 13.262388569177176], [75.91452917398226, 13.262457304361135], [75.91481780779566, 13.262571385161323], [75.91610976575316, 13.263113533362912], [75.9165571505921, 13.262123708042736], [75.9169359612257, 13.26116946529862], [75.91721203870469, 13.26047400786922], [75.91753027100526, 13.259768924096646], [75.91773497379006, 13.259145910655317], [75.91788073860528, 13.258702279586599], [75.91841110388941, 13.257423199021442], [75.92063952949076, 13.257332439440574], [75.92332931179834, 13.257237082525366], [75.92550179597117, 13.257151866365575], [75.92599142286593, 13.257132659544654], [75.92610481928205, 13.257129127906975], [75.9264071776492, 13.257119709307174], [75.92772083534834, 13.257077071549645], [75.92810910595051, 13.257064467551174], [75.92810914642001, 13.257064465752535], [75.92937784521143, 13.257010021695182], [75.93126946931064, 13.25688762306538], [75.93259822392895, 13.256814988421011], [75.93291635550548, 13.256766959227832], [75.93391765167831, 13.25661587852005], [75.93506183393653, 13.256380619470065], [75.93608143401104, 13.256208640316572], [75.93692588931839, 13.256773387581802], [75.93802412251529, 13.25749171207292], [75.93966228978292, 13.258575952718102], [75.93974722355557, 13.258601560913347], [75.93978227193435, 13.258612163920306], [75.93990684962148, 13.25865276111608], [75.94219990140436, 13.258851055332], [75.94483907796115, 13.25914412460173], [75.946674685988, 13.259356724333427], [75.94740908855863, 13.25944180199764], [75.94833248185859, 13.259567584776274], [75.94949455792755, 13.259725916717741], [75.9519077411494, 13.260267569392854], [75.95259670997024, 13.260418784099668], [75.95274749390177, 13.260452664259107], [75.9540545820534, 13.260774611659029], [75.95467160690919, 13.260926606078044], [75.9559174161559, 13.261143161927407], [75.9566745760709, 13.261190915928069], [75.9576291668526, 13.261251117445168], [75.95873184449908, 13.261314062793815], [75.96009778878198, 13.26127720228112], [75.96059584951888, 13.261263729537518], [75.96162474588539, 13.26122275012989], [75.96253816930113, 13.261073258524105], [75.9634793484932, 13.260828887543198], [75.96451264704109, 13.260412772131756], [75.9647526248338, 13.260435277665975], [75.96610006106903, 13.261126297840406], [75.96714295987977, 13.261568879400327], [75.96772439046828, 13.26175845019236], [75.9683011310924, 13.261794477932881], [75.9687624455305, 13.261717481576568], [75.96990203225306, 13.261486533876505], [75.97111991844952, 13.261192388118276], [75.97210718339983, 13.260925324544132], [75.97344077547149, 13.261489789422287], [75.97592345290508, 13.262496736035585], [75.97798152083055, 13.26332294859526], [75.97905218171286, 13.26378354177706], [75.98039956129077, 13.26420326526852], [75.9816916010866, 13.264419721293162], [75.98270668206777, 13.264523250347791], [75.98392018946521, 13.264617626102618], [75.98537815777581, 13.264666796535492], [75.98539656689809, 13.26460348696139], [75.9853592567244, 13.26362729716209], [75.98533578981488, 13.262678252499427], [75.98545099206967, 13.262434156711034], [75.98558018417822, 13.26237076619793], [75.98567701957887, 13.262357242193044], [75.9858892703736, 13.26239779802], [75.98655373896395, 13.262641553864684], [75.98720902907348, 13.262844702620953], [75.98767048380586, 13.262921316765414], [75.98799339437971, 13.262857899272658], [75.9881824930277, 13.262695090506098], [75.98843146314158, 13.26221139553951], [75.98851886915054, 13.261754914058091], [75.98841256928472, 13.261415968572123], [75.9879600205386, 13.260562021819906], [75.9878490316076, 13.259983599463567], [75.98796426174135, 13.259617472868113], [75.98830555805512, 13.259319031048504], [75.9887991887316, 13.259237437357907], [75.98914984069268, 13.259273421930914], [75.98931134004636, 13.259327604285547], [75.98943589255248, 13.259372790721784], [75.98948207903476, 13.25931849954918], [75.99009053425084, 13.25818385460127], [75.99149341818674, 13.25876629153117], [75.9925639909355, 13.259172559366165], [75.99328525890763, 13.259325325403497], [75.99377752801058, 13.259429595499453], [75.99401593378838, 13.259466756385734], [75.99464497718401, 13.259564823857602], [75.99512020773147, 13.259593068865058], [75.99570156637424, 13.259627619019456], [75.99645148584744, 13.259624926449247], [75.99716873474938, 13.259622384065835], [75.99908470349635, 13.259558047465987], [76.00107895283145, 13.259830390060527], [76.00425310819446, 13.260066964818632], [76.00484851334829, 13.260094129740365], [76.00665688091038, 13.260176645236015], [76.00754784195942, 13.260218391765422], [76.00843417060054, 13.260259958430364], [76.00859481379968, 13.260267492950502], [76.00875198111908, 13.260274905162815], [76.00957734022211, 13.260313599393156], [76.01183793727103, 13.260635535101924], [76.01265741840518, 13.260825054632617], [76.01336493124666, 13.260988707862623], [76.01486428725713, 13.261274113109891], [76.01494826325182, 13.26123889925583], [76.01505811274177, 13.261192835081317], [76.01597231317174, 13.25965666981949], [76.01597233655417, 13.259656639242563], [76.01681245892792, 13.258721481011609], [76.01738946934859, 13.258084495702974], [76.0175520218084, 13.257798160556716], [76.01775884339594, 13.257433844296541], [76.01800380882878, 13.256466794307187], [76.01790394810877, 13.255824205322883], [76.01781978325647, 13.255282616499583], [76.01753875770754, 13.254365061598374], [76.01656597543945, 13.252787329671548], [76.0161108591289, 13.251240564100783], [76.0163586385404, 13.250928050589097], [76.01786421426215, 13.25076552420961], [76.01861013085289, 13.250685014202075], [76.01861016952375, 13.250685011504117], [76.02056182786612, 13.250482472488159], [76.02339470939836, 13.250226048793197], [76.02339474896854, 13.250226045195857], [76.0257661820637, 13.250068841004234], [76.02885288015636, 13.24960909498378], [76.029817146744, 13.24957330916095], [76.03056673346805, 13.249533852305492], [76.03143656044898, 13.249488062424179], [76.0323641796632, 13.249342440601195], [76.03284379890226, 13.249267144862868], [76.03562139641036, 13.248716801139492], [76.03576192627196, 13.248697871309783], [76.03642420681177, 13.248608632482444], [76.03642424907993, 13.248608670253985], [76.03765097381348, 13.249833834663775], [76.03818593823053, 13.25041703062152], [76.03826885032726, 13.250639274682836], [76.0383933479747, 13.250972991510421], [76.03835334523075, 13.251243078605226], [76.03786758542077, 13.251751817892114], [76.03786736868415, 13.252384540414255], [76.03787169532256, 13.25263173346775], [76.03787639877686, 13.252899762913785], [76.03791593477263, 13.253132645954906], [76.03794545681745, 13.25330653886573], [76.03797581343309, 13.253399448725645], [76.03802519790463, 13.253550631056838], [76.03832796995988, 13.254477215151383], [76.03841546680042, 13.254920156440106], [76.03844304361161, 13.255227484460876], [76.03835054654053, 13.255846608334364], [76.03817965466737, 13.256361775975222], [76.0379626176807, 13.256890473916311], [76.0383313505115, 13.25791200303655], [76.03856181077903, 13.258544808296335], [76.03856181707425, 13.258544847866462], [76.03856172534343, 13.25878434002533], [76.03855306397276, 13.258913731783366], [76.03853389402406, 13.259200119090279], [76.03846317583498, 13.259386088996848], [76.03838611292883, 13.259588739528736], [76.03834447251944, 13.259914125936232], [76.03834898351886, 13.260194298927786], [76.03834898711614, 13.260194334001369], [76.03838121971756, 13.26036608472708], [76.03843191360198, 13.260528802662176], [76.03864407086724, 13.260745811769823], [76.0388377623529, 13.260876916736379], [76.03883780372172, 13.260876944615344], [76.03888382293013, 13.261184249253745], [76.03888383552066, 13.261184279830674], [76.03948333618706, 13.262002516303141], [76.04004140238885, 13.262594769333191], [76.04021203615662, 13.262811753259884], [76.04024854773235, 13.262889309893806], [76.0402950246957, 13.262988040165963], [76.04032725999508, 13.263207852460482], [76.04037787653783, 13.263553000570598], [76.04037991260293, 13.263813536865257], [76.0403800771789, 13.263834830113352], [76.04038229041043, 13.2641179330962], [76.0403544447019, 13.264583413194028], [76.04028683996575, 13.26471148924389], [76.04021131939692, 13.264854542603132], [76.03972673230295, 13.265220453361279], [76.03972669722936, 13.265220474045691], [76.03920532156837, 13.265459780944184], [76.03920528109887, 13.265459804326554], [76.03899298174078, 13.2656179060416], [76.03892369077579, 13.265848374402994], [76.03892368627913, 13.26586348930863], [76.03892368088322, 13.265880009854643], [76.03898818565631, 13.26612860405186], [76.03910349762839, 13.266228072667445], [76.03926957722928, 13.266300430320655], [76.03962944903992, 13.266309609700786], [76.0400908660007, 13.26625101437287], [76.04045449697753, 13.266137717781474], [76.04081532746545, 13.266025292633172], [76.04092194389267, 13.266007924925818], [76.0410091232725, 13.26599372373141], [76.04119332691056, 13.26600766682043], [76.04130901839653, 13.26601642441852], [76.0414843313369, 13.266048116527426], [76.04165501007071, 13.26616568489851], [76.04178877433253, 13.26628775167842], [76.04181031849146, 13.266417687526312], [76.04182099434348, 13.266482112259723], [76.04162712299336, 13.26675320389728], [76.04140176817714, 13.266962980657068], [76.04115635128467, 13.267191430040498], [76.04103633585828, 13.26735859961974], [76.04093934757287, 13.267620702533462], [76.04146485921592, 13.268994796472727], [76.04162618140322, 13.269455841114224], [76.041681227107, 13.270404942434196], [76.04201315248508, 13.271223074585295], [76.04292616221267, 13.272859423423709], [76.04310586294525, 13.273587117951196], [76.04325800665174, 13.273948724554034], [76.04343067108863, 13.274109170801637], [76.04361314533043, 13.274278779342241], [76.04397764235438, 13.274459707649441], [76.04421744567863, 13.274721884307553], [76.04433270009413, 13.275069921040084], [76.04431870124711, 13.275467634523746], [76.04402799179843, 13.275621178474637], [76.04371788667117, 13.27580252226863], [76.04329419537089, 13.27605023602962], [76.042860404684, 13.276294147457008], [76.04286039479145, 13.276294184329174], [76.04267104793058, 13.276777698531985], [76.04238003810832, 13.277713122962327], [76.04223676261654, 13.278445247550168], [76.0423519279991, 13.278983079905288], [76.04254086926574, 13.279647495435595], [76.04257771359067, 13.279859930591384], [76.04255000278044, 13.279950314255643], [76.04244842525469, 13.280049662362105], [76.04232846288829, 13.28004962728852], [76.04227356377403, 13.280029472582154], [76.04218085446293, 13.279995384679292], [76.04192252600382, 13.27985067566817], [76.0418140848522, 13.2798026671594], [76.04163646605014, 13.279724033137654], [76.04152323420993, 13.279687652862947], [76.04136889615768, 13.279638067842596], [76.04107352732149, 13.279651507311256], [76.04096019925385, 13.279653096413313], [76.04075519429682, 13.279655936472352], [76.04039068288375, 13.279637731496162], [76.03987395581846, 13.279470331690503], [76.03987392524152, 13.279470325395264], [76.03953249672742, 13.279456654800809], [76.03903878151459, 13.279501675761763], [76.0389188461279, 13.279528740858778], [76.03873885041764, 13.279569326363342], [76.03849413319773, 13.279663423328374], [76.03835118865646, 13.27971837820064], [76.0381849255939, 13.280125057925146], [76.03822633397817, 13.28049113146062], [76.0385938572208, 13.28098576757918], [76.03880744081079, 13.281273216985424], [76.03898222944639, 13.281595578972826], [76.03907946954195, 13.281774946956261], [76.03924530902384, 13.282098262225077], [76.0394944886798, 13.2825840984774], [76.03985873839014, 13.283298268999943], [76.03996456701122, 13.284138922873066], [76.0399734972791, 13.284966030258149], [76.03983936159733, 13.285856290735294], [76.03961293568847, 13.286859527645104], [76.03953373059727, 13.287367600534369], [76.03936782546481, 13.288432233261005], [76.03916916522485, 13.289087462216685], [76.03863812904649, 13.290208104720303], [76.03863811465732, 13.290208143391165], [76.03849952373413, 13.29071423147667], [76.03849938883576, 13.291080318501937], [76.03903436044743, 13.291884955426381], [76.0392239887961, 13.292280479060933], [76.03925107367814, 13.292336978069159], [76.03925108806732, 13.292337020337245], [76.03932938664195, 13.29274374592717], [76.03915376793208, 13.293471324442123], [76.03905201683716, 13.2941266073571], [76.03891345559157, 13.294483593243285], [76.03883034474467, 13.294628187141198], [76.03872274355984, 13.294668859880005], [76.03862729581311, 13.294704921794732], [76.03836888191842, 13.294777134657068], [76.03760286817788, 13.294718131036971], [76.03731675336553, 13.294749674757725], [76.03726138210715, 13.294767730446436], [76.03715056854395, 13.294952994385254], [76.03708120563317, 13.29535519188863], [76.03709462531674, 13.29651665282131], [76.03709462711538, 13.296516692391492], [76.03725550144031, 13.298243178479938], [76.03732482118363, 13.298807022825882], [76.03737049415304, 13.299178759392305], [76.03734260617637, 13.299721094652849], [76.03732833303623, 13.299885708358827], [76.0373194693181, 13.299987705867977], [76.0372276026718, 13.300077612891583], [76.03714402597609, 13.300159355869653], [76.03702243403814, 13.300198315399994], [76.03689022380485, 13.300240639294145], [76.03647949353389, 13.30033088895942], [76.0360826496946, 13.300357853332287], [76.03566732478725, 13.300357700447591], [76.03550123349522, 13.300398304837925], [76.0355011858311, 13.30039831383118], [76.03544488917039, 13.30044269627348], [76.03533499291564, 13.300529275805498], [76.03534869138906, 13.30094510613179], [76.03556546127709, 13.301229884551558], [76.03556548555878, 13.301229908833248], [76.03629434201031, 13.301822202332799], [76.03629436449337, 13.301822225715172], [76.03650652985255, 13.30211154661066], [76.03654728173171, 13.30230386303288], [76.03660323754947, 13.302568037984598], [76.03676448869028, 13.303255049880704], [76.03681805860657, 13.303378280383354], [76.03687057092014, 13.30349914926637], [76.0368474547463, 13.303630207468132], [76.03675974476647, 13.303738641425184], [76.03667879049385, 13.303785004174644], [76.0365704806432, 13.303847037610751], [76.036471381649, 13.303867221994718], [76.03634897582464, 13.303892151201863], [76.03612285118868, 13.303946303878892], [76.03602591956059, 13.303986946940086], [76.03602587819177, 13.303986971221775], [76.03586893480355, 13.304235442211963], [76.03580426635386, 13.30444328003341], [76.03580424656877, 13.304443323200875], [76.03595179923622, 13.304773303345316], [76.03616855743304, 13.305085210713969], [76.0364453507724, 13.305243532762859], [76.03686066488787, 13.305334040533577], [76.03728063929015, 13.305307086952556], [76.03739138540419, 13.305248397195836], [76.03772832000601, 13.305153593363684], [76.03789905090053, 13.305117488281498], [76.03805838378742, 13.3051325411339], [76.038138997217, 13.305140155693666], [76.03822493373377, 13.305209738938345], [76.03824506505778, 13.305226042747734], [76.03832258751748, 13.30538797647398], [76.03842032673674, 13.305592205316088], [76.03845661438129, 13.305754628273519], [76.03849401628588, 13.305922179165295], [76.03849393085028, 13.306157195398269], [76.03844773897202, 13.306369551413697], [76.03826767221534, 13.306618063772644], [76.03806369518344, 13.306843612842497], [76.0379121962909, 13.30701112416409], [76.03791216211664, 13.307011154741076], [76.0373166958089, 13.30748091561179], [76.03713312349493, 13.30778299878642], [76.03699813075917, 13.308005074674497], [76.03697315388797, 13.308218022443837], [76.0369286491379, 13.308597084887596], [76.03694237189302, 13.30897673458867], [76.03704833721105, 13.309419689367243], [76.03723703386208, 13.309571706269251], [76.03725597718164, 13.309586970462364], [76.03725600955727, 13.309586987549494], [76.03750972179625, 13.309672957341148], [76.03768005878771, 13.309680690611458], [76.03780970775188, 13.309686598257942], [76.03842356159817, 13.309397569642158], [76.03851282380782, 13.309364310014924], [76.03871432140886, 13.309289248100356], [76.03890971621047, 13.309258328509088], [76.03902815602464, 13.30923960732207], [76.03929577448048, 13.309239708046162], [76.03946863766754, 13.309289776002402], [76.03949883690188, 13.309298524607296], [76.03983559973318, 13.309610485935254], [76.03991630759157, 13.309768704562087], [76.03994624512319, 13.309827408707974], [76.03996826682209, 13.310233896876865], [76.03998296624098, 13.310505381518169], [76.03995153853276, 13.310591957452912], [76.03988014315416, 13.310788578030497], [76.03988012966431, 13.310788614003402], [76.03975254824155, 13.311140173380352], [76.03968864511495, 13.311316406327137], [76.03965498618874, 13.311409157906382], [76.0394562755867, 13.312181907569023], [76.03939600751977, 13.312959234780923], [76.03930809429318, 13.313610002199878], [76.03900334193077, 13.314084433250057], [76.03855989252509, 13.315272895427825], [76.03847202066726, 13.315819709312166], [76.03847650558635, 13.316176746459746], [76.03860387656772, 13.316389238272793], [76.03869326468248, 13.316538386337527], [76.03878799297155, 13.316631205365866], [76.03891010112034, 13.316750869157314], [76.03894692296217, 13.31700848984997], [76.03893760328782, 13.317257056168273], [76.0388267888253, 13.317419716546738], [76.03870214009174, 13.317550734278996], [76.03852672732665, 13.317713378469701], [76.03824979099511, 13.317808187697777], [76.03824975772022, 13.317808202986212], [76.03783899597296, 13.317997852019289], [76.03746049740408, 13.318210129793727], [76.03726684279064, 13.318342340926336], [76.03726205210211, 13.318345611760604], [76.03726200893465, 13.318345641438269], [76.03721580536518, 13.318508326098424], [76.0372157972713, 13.318508365668604], [76.03718806128006, 13.318643897997557], [76.03724811171105, 13.318692514448056], [76.0374002832965, 13.318815711675823], [76.03753254209317, 13.318856665902443], [76.03757563041108, 13.318870008244346], [76.03782016057198, 13.319032798125196], [76.0380093077834, 13.319209121903496], [76.03819839114288, 13.319593341959207], [76.03825368056295, 13.319828362688838], [76.0382930519828, 13.319873615674853], [76.03838745112, 13.319982080208886], [76.03853965957768, 13.320113159095058], [76.0385396964499, 13.32011319776592], [76.03862483976462, 13.320122243147065], [76.03871044173354, 13.320131335292956], [76.03905656470874, 13.320072709388054], [76.03916329355121, 13.319986107372983], [76.03962438315881, 13.319611923751324], [76.03969631003673, 13.319525165254218], [76.0400214347415, 13.319133002386195], [76.04002147161367, 13.319132982601104], [76.04028913053901, 13.318965895759503], [76.04028915841799, 13.31896587687379], [76.04049223792653, 13.318934315166583], [76.04057054099775, 13.318930686402096], [76.04078296895892, 13.318920854114198], [76.0412167191763, 13.319070141573832], [76.04161350455962, 13.319318837394462], [76.04190446851646, 13.319585973813673], [76.04205179095743, 13.319721230050785], [76.04219461498957, 13.319899912750827], [76.04226859861701, 13.319992470975821], [76.04232386915129, 13.320304330680356], [76.04221762774137, 13.32058449737673], [76.04204679792144, 13.320814932463236], [76.04189901772554, 13.321108643848904], [76.04191740076749, 13.32131654732086], [76.04212954094561, 13.321705256792201], [76.04212956073071, 13.321705287369188], [76.04276153231893, 13.322509975554963], [76.0428998678347, 13.32283992782044], [76.04295976538094, 13.323124673864642], [76.04290889163212, 13.323463606760074], [76.04292722970791, 13.323802580125005], [76.04252123886414, 13.323427326310139], [76.04194453151496, 13.32294354950528], [76.04166055978705, 13.322832200845424], [76.04148309386972, 13.322762604110945], [76.04084624345944, 13.322739800001843], [76.04043546552435, 13.322825516184647], [76.04009303066891, 13.32288445775157], [76.03970164931172, 13.32295182146942], [76.03954783736287, 13.322930237740309], [76.03937860024229, 13.322906478551204], [76.03925218793819, 13.322848671029421], [76.03910176373546, 13.322779863000333], [76.03874649915167, 13.32253568717226], [76.03834979290866, 13.322110750310912], [76.03834976592901, 13.322110717935347], [76.03739037186824, 13.320772605871126], [76.03719506699879, 13.320598137394201], [76.03707662718466, 13.320492305175774], [76.03707658221857, 13.320492297981216], [76.0365690039564, 13.320446927183978], [76.03597828247183, 13.320559676987559], [76.03597824739825, 13.320559696772648], [76.03548898562826, 13.320835165410585], [76.0350781995993, 13.320898278932475], [76.03476437397671, 13.320880102734579], [76.03380910870345, 13.32078030766513], [76.03305533383667, 13.320761609860483], [76.03270157921457, 13.320752824383362], [76.0322123759005, 13.32090627030817], [76.03221232913575, 13.320906292791221], [76.03177840444988, 13.321213445444185], [76.03127055459248, 13.321809780497004], [76.03127052941147, 13.321809817369228], [76.03091491589072, 13.32247403504874], [76.03054063694088, 13.323676050009736], [76.03027285570778, 13.324023912273788], [76.03007435464781, 13.324078103621618], [76.02982514261629, 13.32410512734981], [76.02955750527468, 13.324077878791114], [76.02937629098312, 13.324061704484109], [76.02915137233799, 13.324041592945207], [76.0288375530107, 13.324041469738063], [76.02859759680172, 13.323982621700678], [76.02846378937244, 13.323901224062297], [76.0283576981493, 13.323779152785733], [76.02831086235648, 13.323653912298253], [76.02825631307843, 13.323507952330203], [76.0282563409574, 13.323351535045333], [76.02825639131947, 13.323223223373136], [76.02837654434211, 13.322816521165578], [76.02845974602053, 13.322491156341867], [76.02845975321509, 13.322491114973047], [76.02848754046767, 13.322233552736291], [76.02847341481629, 13.322186968753671], [76.02843684118733, 13.322066320204557], [76.02829848408783, 13.321862896255709], [76.02804475566103, 13.321600651249128], [76.02773097950114, 13.3214875129384], [76.02723278476526, 13.321425628789768], [76.02696493968028, 13.32139234757881], [76.02700086579739, 13.323837365002419], [76.02698892999518, 13.324695160853025], [76.02697706164213, 13.325545731550335], [76.02697188784242, 13.3269918773733], [76.02697188964106, 13.326991916044165], [76.02698689033281, 13.327226333328666], [76.0270635818189, 13.328424567539798], [76.02706360250329, 13.328424614304538], [76.02747385793225, 13.32963598401352], [76.02774583360338, 13.33041343353318], [76.02788488048293, 13.330950970011312], [76.02805915290764, 13.331624789752308], [76.0281593391822, 13.331917324824758], [76.02827583106483, 13.332257571629667], [76.02836872383762, 13.332593534963735], [76.02849700043629, 13.333057627407639], [76.02886613616329, 13.333310839623605], [76.02947997562046, 13.333288475282982], [76.02957330906099, 13.333278631303815], [76.02957335042981, 13.333278626807214], [76.02965076856816, 13.33327048974138], [76.03018931498498, 13.333017524838967], [76.03069861904606, 13.33277829438282], [76.03113285579674, 13.332641747618595], [76.03147402530607, 13.332534503464613], [76.03194476373989, 13.33255728059407], [76.03232787762948, 13.332399248126872], [76.03261863833956, 13.332308980475089], [76.03279156627781, 13.33239840816003], [76.03295089826543, 13.332480832824217], [76.03295094143283, 13.332480823831016], [76.03323708592285, 13.332399587171263], [76.03293604326382, 13.335187981939841], [76.03275501872918, 13.336000348537313], [76.03270946716822, 13.336204766237017], [76.03390088721625, 13.336426936553949], [76.03474927346025, 13.336585136295072], [76.03345618955154, 13.338708795374657], [76.03238951086729, 13.340145577456495], [76.03169759406876, 13.340819246111378], [76.03051958201314, 13.341966171301806], [76.02991396056086, 13.34258378251559], [76.02964689428882, 13.342856133204007], [76.02958206935705, 13.343425545252783], [76.02953081069842, 13.344614139630888], [76.02891691098671, 13.344772111843552], [76.02877349430139, 13.345694013168213], [76.03189808442909, 13.345835321842685], [76.03313859127303, 13.348529386721852], [76.03364576843751, 13.349889886509118], [76.03364578282668, 13.34988991798536], [76.03387393633318, 13.350301233715014], [76.034535920996, 13.351494679935566], [76.03478018585696, 13.352099202416296], [76.0349924708259, 13.352624676287805], [76.03620531182571, 13.355445240705365], [76.03653272170777, 13.356249818274534], [76.03686575415128, 13.357679364411181], [76.03714283887098, 13.358868874299162], [76.03714285865607, 13.35886890307745], [76.03718186045455, 13.35903625971565], [76.03724241090862, 13.359296164686327], [76.03762057762759, 13.361342951516065], [76.0378044143423, 13.362337936246835], [76.03837569967885, 13.365280289553764], [76.03842157049911, 13.366071197427855], [76.03800086674664, 13.366534862693813], [76.03761809909605, 13.366956714880528], [76.03865132929548, 13.368913995784343], [76.03865134908057, 13.368914032656503], [76.04037192572383, 13.372032950760115], [76.0403719491062, 13.372032993927576], [76.0416312598748, 13.374406127640725], [76.04435422716591, 13.375595637528704], [76.04435427213201, 13.375595658213115], [76.04887726397459, 13.377689614484153], [76.04975520913564, 13.37806341409532], [76.05166035813909, 13.378874565708715], [76.05355928023664, 13.379328949071805], [76.053608175477, 13.379340650150937], [76.05495583924062, 13.380145504711322], [76.05586036116676, 13.380905015454173], [76.05923044642799, 13.379676697121907], [76.0620141818091, 13.37869673736458], [76.06273652986704, 13.378488753852933], [76.0637583404751, 13.378194545142208], [76.06521333292903, 13.37777559776566], [76.06715902606828, 13.37733066447862], [76.06799695139824, 13.377139054024155], [76.07135298475248, 13.376254024004025], [76.07262752464061, 13.375899084974831], [76.07454743511607, 13.375364397548935], [76.0745474674917, 13.375364390354376], [76.0770263830612, 13.374555946599683], [76.07902058473223, 13.374004976948182], [76.07910343747369, 13.373958642977014], [76.07975261489133, 13.373595610049389], [76.08005466658967, 13.37342669308748], [76.08030788150359, 13.373161915590005], [76.08084636496785, 13.372598838365771], [76.08147203230851, 13.371944592369118], [76.08147207008005, 13.371944562691452], [76.0820121624314, 13.37159217413955], [76.08446782333147, 13.37156098385236], [76.0861618618805, 13.371552237046162], [76.087809730135, 13.371561554921868], [76.0889036996461, 13.371557214793652], [76.08786946760188, 13.373310572624861], [76.0875508458949, 13.37407430208742], [76.0873060576285, 13.374964588644898], [76.08715356138782, 13.376053741387123], [76.08713497779706, 13.376767793199123], [76.08706084758012, 13.378521329995408], [76.0871713337901, 13.380306517531833], [76.08720770956819, 13.381138188976308], [76.08724027941543, 13.381883837569088], [76.08736140910179, 13.382641297857672], [76.08745706189393, 13.383239665378314], [76.08776148600384, 13.384753719008984], [76.08790260402202, 13.385394104654265], [76.08811201835505, 13.38634463319829], [76.08841645055878, 13.387917443135564], [76.08854883526061, 13.388770165910499], [76.0886332312387, 13.389313947280867], [76.08879922540399, 13.390529647225486], [76.08879922810195, 13.390529695788867], [76.08899763113584, 13.391062967681878], [76.08899765002161, 13.391063017144575], [76.08962518165686, 13.392897992048741], [76.08995738942207, 13.39373414931157], [76.08995742989151, 13.393734144814971], [76.09225636503925, 13.393702855602328], [76.09542781074492, 13.39356317739879], [76.09746360156402, 13.393504696284763], [76.09746364293284, 13.393504695385445], [76.0981930084007, 13.393477692341662], [76.09833149500253, 13.393418962115447], [76.09867902451742, 13.392680403777659], [76.09881633660473, 13.392388590860833], [76.09962879493298, 13.392551386137598], [76.10019838684616, 13.392721611613124], [76.10019852084514, 13.39272165208263], [76.10046394855243, 13.392800955199958], [76.1012628334131, 13.39303963706965], [76.10304074723274, 13.393600153024693], [76.10408797178252, 13.393930258174917], [76.10579745888566, 13.39450182859656], [76.10675154874502, 13.394820820824293], [76.10857494487789, 13.395385899939356], [76.10916791736554, 13.395584043069162], [76.10954897450563, 13.39571137358109], [76.11051378068646, 13.395923858199522], [76.11056455550988, 13.395978108003304], [76.11049527713539, 13.396506860803013], [76.11011207241427, 13.397243498188914], [76.11037514749512, 13.398016344978371], [76.11053090377823, 13.398447408920843], [76.11082748130326, 13.399268243534666], [76.11101979682621, 13.399926284670357], [76.11123826553359, 13.400673811047568], [76.11202676142597, 13.400755707809706], [76.11315407510057, 13.400872788748245], [76.11449284366984, 13.400981334221228], [76.11746121526295, 13.40135207613747], [76.1196438383925, 13.401607421545291], [76.11985714229331, 13.401632374134804], [76.1215698696538, 13.401501363597102], [76.12156990652603, 13.401501358201186], [76.12319948616744, 13.401212169506096], [76.12521226873129, 13.400868721114648], [76.1255105918404, 13.40081735363799], [76.12620942532476, 13.400697002764502], [76.12708889933327, 13.400561711453863], [76.12750203259276, 13.400498159062861], [76.12886387326921, 13.400407773599905], [76.12898386531322, 13.400808922493809], [76.1291639662441, 13.401411082455525], [76.12926092665049, 13.402400835829953], [76.12939481771673, 13.40396450325926], [76.12939482311265, 13.40396454822536], [76.13092877424361, 13.404514878458938], [76.13190157090082, 13.404863901747715], [76.13261044801385, 13.40505057312549], [76.13296602016578, 13.405144138591195], [76.13324042040915, 13.405216385627737], [76.13450073302249, 13.40528414774525], [76.13616270084805, 13.405419685470177], [76.13707215555559, 13.405514576536515], [76.13703065723911, 13.406427490935982], [76.13945898234624, 13.406648850064414], [76.13945898324556, 13.406648886936635], [76.13939159524597, 13.407095576599604], [76.13933898940292, 13.407444261743308], [76.13938059114145, 13.408194491482616], [76.14035006930033, 13.408357143767205], [76.14025319253085, 13.409346866564702], [76.14025318893357, 13.409346901638232], [76.13899750692947, 13.410074580877279], [76.1386512913241, 13.410811256034663], [76.13867904979838, 13.411828106881668], [76.13869563239757, 13.412182162776613], [76.13870789555301, 13.412443039015102], [76.13872526685765, 13.412813351055375], [76.13879917404273, 13.413595205454437], [76.1388583314469, 13.414206694083703], [76.13890539207023, 13.414693435054064], [76.13898856047376, 13.415475226500572], [76.13898856497036, 13.415475269668034], [76.13920563792988, 13.417206158837185], [76.13920564152721, 13.41720619301145], [76.1393257720668, 13.41897776121476], [76.13932577026816, 13.41897779448965], [76.13990107467492, 13.419561082178234], [76.14074320163752, 13.420414942595585], [76.14036009494248, 13.421784301604305], [76.13996308832594, 13.423103964076745], [76.13963385551807, 13.424204369136362], [76.13948305180145, 13.4247083869825], [76.13929917461729, 13.425213468726668], [76.13898450273268, 13.426077789158684], [76.138684469113, 13.427293530472125], [76.13887841330819, 13.42797142234332], [76.13887868850071, 13.427972566280971], [76.13902657571595, 13.42858553789233], [76.13919243588225, 13.429272996751418], [76.1394649331602, 13.431003918296254], [76.13994521609892, 13.432929158154193], [76.14012670018712, 13.433722155153362], [76.14034238549277, 13.434664589799015], [76.14073955488658, 13.436318658879033], [76.14069343315549, 13.437105048559198], [76.14038616179198, 13.437733739420594], [76.14023177247839, 13.438049623591326], [76.13954388014601, 13.439147861284823], [76.13898060956751, 13.439748971737686], [76.13898058978248, 13.43974899781807], [76.13837578221666, 13.440743224420315], [76.13784947647224, 13.441389541094507], [76.13724006167956, 13.44232956645635], [76.13724003739787, 13.442329607825172], [76.1379696061125, 13.4430346061622], [76.13796964028671, 13.443034634940485], [76.13872686585222, 13.443658258122184], [76.14049532599853, 13.444580131567875], [76.14357053884936, 13.446392214229379], [76.1435705901107, 13.44639224840358], [76.14448487687565, 13.446997797010793], [76.14466494902825, 13.447146928887719], [76.14469725717271, 13.447449678459918], [76.14454957860022, 13.447779610940355], [76.14454956690908, 13.447779646913203], [76.14657599848363, 13.447984252571246], [76.14669661465712, 13.447996431190406], [76.1469783263887, 13.448118435917138], [76.14785115800458, 13.449840252725547], [76.14881173827115, 13.451498807623919], [76.1495783302758, 13.45302628003884], [76.14993432960568, 13.453772346816379], [76.15029423289258, 13.454526672068312], [76.15059492121867, 13.455125960494735], [76.1510469915255, 13.456027077587636], [76.1515598640965, 13.456952962908984], [76.1517629013369, 13.457319533769521], [76.15324058368606, 13.458051529754359], [76.15481985795014, 13.458661491334796], [76.15481990021829, 13.458661508421924], [76.15706874222872, 13.459655508395029], [76.15727123088266, 13.459753134299772], [76.15770596226042, 13.459962774362621], [76.15776411422257, 13.459992160609772], [76.15783993786289, 13.460030524788918], [76.15785854123874, 13.461155854559081], [76.15785854213806, 13.461155888733344], [76.15788426454725, 13.461345288654172], [76.15792787716987, 13.461666537280903], [76.15859526316092, 13.462385967938133], [76.15871387924221, 13.462513829949328], [76.15871390622186, 13.462513857828299], [76.15901779613444, 13.462841449373455], [76.15980756546685, 13.463867244877518], [76.15997483756877, 13.464314046955733], [76.16009855460464, 13.46464451273414], [76.16009857528906, 13.46464455500228], [76.16092997513829, 13.466077097679943], [76.16138731817023, 13.467387668905872], [76.1617661521862, 13.468775088099902], [76.16203871601397, 13.469651756223639], [76.16203875018823, 13.469651777807373], [76.16220038264163, 13.469746673370308], [76.16220040962128, 13.469746693155402], [76.16472174081576, 13.470125981329032], [76.16629189055834, 13.470532508168786], [76.16724209174919, 13.470593608108572], [76.16790350174529, 13.470636147840024], [76.16908663813791, 13.470709689001014], [76.16964441385869, 13.470744356966575], [76.17081732855695, 13.470703475584967], [76.17355105173971, 13.470594545202173], [76.17405439689298, 13.470495927345212], [76.17431728671346, 13.470444419574331], [76.1749542882099, 13.470319614358745], [76.17620617507498, 13.47007432876728], [76.17799217110189, 13.469807116805043], [76.1786258316169, 13.469712313872265], [76.1801032846389, 13.469571813688276], [76.18105471340436, 13.469481326601962], [76.18164793770222, 13.469489303588546], [76.18204753706425, 13.469494663547948], [76.18283858163528, 13.469633857916278], [76.1838947256611, 13.469819674038773], [76.18442870981715, 13.469961560077989], [76.18516931591125, 13.470158344332159], [76.18657316751774, 13.47033880049531], [76.1879438791068, 13.470350389159192], [76.188133994888, 13.470351995348379], [76.18956544219145, 13.47013924183261], [76.19121243990224, 13.469691975704164], [76.19181413761243, 13.46952857158635], [76.19342558062614, 13.468954199776535], [76.19363333570993, 13.468827593218917], [76.19368504492894, 13.468714177017713], [76.19374871782912, 13.468574488921602], [76.19335579593331, 13.467069667731042], [76.1933557887387, 13.46706963445609], [76.19318464325676, 13.466048299589433], [76.1931846378608, 13.46604825642197], [76.19311973378876, 13.465126357795212], [76.19296707207275, 13.46408694115945], [76.19287907251123, 13.46313789200019], [76.192879066216, 13.463137851530691], [76.1928459882518, 13.46300612513261], [76.1926294458923, 13.462143691478216], [76.19231517420599, 13.461149505345416], [76.19178839002223, 13.459766706868093], [76.19109995899595, 13.458239326184012], [76.19053968855582, 13.457279484260827], [76.19030075667462, 13.456870147039696], [76.19000715230828, 13.456386061767375], [76.1894045687659, 13.455392525844447], [76.18926796804237, 13.455241573739668], [76.18915515888352, 13.45511689622782], [76.18876138622903, 13.455005180644603], [76.18826390465551, 13.454864033848137], [76.18814382357864, 13.454746554509935], [76.18769569050374, 13.453820185353322], [76.18763103284596, 13.453643978486866], [76.18752828080557, 13.453363957480688], [76.18728445211582, 13.452699472702532], [76.1872844961826, 13.452699457414097], [76.19023475902696, 13.451781333241968], [76.19205390946041, 13.451347020948331], [76.19315741538247, 13.451152404959544], [76.19328193461365, 13.450542254521453], [76.19539990368266, 13.450442535894352], [76.19637092867549, 13.450396823354765], [76.19915522073688, 13.45040510251351], [76.19967698580433, 13.45039139954349], [76.19975149643449, 13.452492894831266], [76.19977136965304, 13.452956146409065], [76.19979801206864, 13.453577531178155], [76.19981298937802, 13.453993201425133], [76.19982129641573, 13.454223796591007], [76.19981705791093, 13.455493739144798], [76.19968579286513, 13.456377062251647], [76.19961892737166, 13.45682701285642], [76.19960540606468, 13.457929761549282], [76.19973031740028, 13.458734123281205], [76.1997303227962, 13.458734170945261], [76.19983226544673, 13.459895623784062], [76.19985613705114, 13.460345691300688], [76.19986942003777, 13.460596119215552], [76.19978195377422, 13.461472904251194], [76.19925121437211, 13.462413100484241], [76.19904834080836, 13.463416446212078], [76.19879004112755, 13.46433843027438], [76.19879003303367, 13.4643384716432], [76.19858738699838, 13.466119165267285], [76.19832453135211, 13.467298797001945], [76.19821193353397, 13.46771384222006], [76.19813079939695, 13.46801291266581], [76.19803844891533, 13.468643890503186], [76.19799254931678, 13.468957460718283], [76.19799254841746, 13.468957502087106], [76.19933302839661, 13.468727190207687], [76.2002320464718, 13.468572728049024], [76.20282245279401, 13.468092922650326], [76.20385639795444, 13.467907548994221], [76.205195840116, 13.467667398531662], [76.20574169082643, 13.46755495179963], [76.20647024330714, 13.467404876533863], [76.20647028107868, 13.467404849554212], [76.20767987642525, 13.46677630528234], [76.20864493351696, 13.466644943109717], [76.21037667164615, 13.466906505530858], [76.21162308074065, 13.467175203173154], [76.21230242141968, 13.467321661365647], [76.21305974501126, 13.46739371324929], [76.21441434614519, 13.467461097651608], [76.21522550225518, 13.467501443037238], [76.21723611925154, 13.467468805740852], [76.2180700084242, 13.467455258353537], [76.21807004619575, 13.467455259252857], [76.22012491703134, 13.467495199943587], [76.2204525265629, 13.467520517657816], [76.22070677120058, 13.467540163347907], [76.22144317206482, 13.46755695998576], [76.22304798167909, 13.467593536312673], [76.22509777494241, 13.467614102908556], [76.22565236166719, 13.467619658020851], [76.22565239584145, 13.46761965712153], [76.22827528207864, 13.467645754547958], [76.2310183294324, 13.467911288375316], [76.23104499523038, 13.467917083606553], [76.2311430249307, 13.467938361566157], [76.23129782703313, 13.468943069766906], [76.23143477039838, 13.46983186255045], [76.23152802379934, 13.470567514279422], [76.2316030695261, 13.471159536183674], [76.23164329170459, 13.471476830491383], [76.23190724362445, 13.473144374113641], [76.23194234955986, 13.47355105383809], [76.23204184605441, 13.474703501765248], [76.23204184785305, 13.474703546731348], [76.23203797896963, 13.476420866929512], [76.23216920264662, 13.477716279182973], [76.23221422270825, 13.47816074572188], [76.232681146218, 13.479308482100803], [76.23356817363236, 13.480180345146836], [76.23393342069085, 13.481111183934043], [76.23396160454445, 13.48222744404137], [76.23409607927067, 13.483483750174969], [76.23392235273445, 13.483538814764529], [76.23379598629577, 13.483578827401004], [76.23231366164624, 13.483733097104789], [76.23031415397509, 13.483977964511492], [76.22980561883429, 13.484021966540581], [76.22915967987541, 13.48407782253355], [76.22915969246588, 13.484077853110477], [76.22984371951208, 13.48542883267453], [76.22984374019649, 13.48542887224471], [76.2307634435781, 13.487055476029465], [76.23099449020361, 13.487367216124198], [76.23335033624909, 13.488740135548877], [76.23528587874036, 13.48993243603314], [76.2361958775378, 13.490411101091466], [76.23701814567096, 13.490925960264917], [76.23742517073511, 13.492245429383104], [76.23770000355239, 13.493002067691291], [76.23785517797415, 13.493429296025228], [76.23807717741988, 13.49408909443622], [76.2381696807862, 13.494364683583342], [76.23831768761124, 13.494843684988096], [76.23624367740382, 13.498305698049588], [76.23613491699292, 13.498487238795061], [76.23613489361048, 13.498487279264568], [76.2345832033522, 13.501224543078251], [76.23458318176847, 13.50122458534639], [76.23431677110216, 13.501760264724506], [76.2340956871663, 13.503098089904991], [76.23408686211906, 13.504015525196392], [76.2340505385016, 13.504625987699225], [76.23398597167528, 13.505710334464423], [76.23389909176973, 13.507563304802716], [76.23389908817246, 13.507563339876299], [76.23427421608227, 13.50760703433724], [76.23474894750598, 13.507662374119317], [76.23586447106857, 13.507849181294715], [76.23647176436049, 13.507950900014064], [76.2385086865267, 13.508293484157033], [76.23889322584176, 13.50832619339917], [76.2393539305395, 13.508365393947827], [76.24081805021291, 13.508464168286766], [76.2416353504911, 13.508566633443422], [76.2421113382677, 13.508626313353716], [76.24465158670142, 13.508878254827664], [76.24734894759592, 13.509075813398113], [76.24734898986407, 13.509075816096072], [76.24905037227694, 13.509153839478131], [76.25015141405657, 13.509080117553424], [76.2528760927575, 13.509587642755546], [76.25598396448846, 13.51039814325975], [76.2559840049579, 13.510398154051641], [76.25841754433424, 13.511235410286018], [76.26009163052441, 13.511470366264462], [76.26039452398817, 13.51072568714079], [76.26039453388069, 13.510725658362501], [76.26117174058339, 13.508118374463436], [76.26164031614775, 13.506622271300843], [76.26206905264473, 13.505253491455502], [76.26394415080199, 13.505245318416767], [76.26713560372521, 13.505163019657687], [76.26807772990338, 13.505138714580085], [76.26942783352774, 13.505100988020216], [76.27142152618256, 13.505045257932352], [76.27483466558738, 13.50480716961522], [76.27886655294913, 13.504858520004742], [76.28088430606596, 13.504892908281134], [76.28203016286176, 13.504936589252226], [76.28705509691525, 13.504784816965755], [76.28986768434623, 13.504889775942441], [76.29060134947275, 13.506702310063588], [76.29099804132659, 13.508184777705365], [76.29096986646624, 13.50950895837178], [76.29105545044871, 13.511484657391067], [76.2910843861356, 13.512152831188244], [76.29142052303878, 13.514986621935122], [76.29175684520231, 13.517345771190437], [76.29203304229111, 13.520048492044339], [76.29229554270518, 13.522222428622225], [76.2926319044389, 13.524581618347044], [76.29271503507084, 13.524982721375522], [76.29293675123012, 13.526052619632765], [76.2931714257208, 13.52718495152436], [76.2954510029615, 13.527101670705575], [76.29545101105538, 13.527101629336755], [76.29543929648639, 13.526980601273804], [76.2954266214415, 13.52684954127335], [76.29556689229833, 13.525895880390634], [76.29578200833305, 13.524433543173528], [76.29714485714948, 13.523534630318975], [76.2984338428476, 13.522604098200645], [76.29999834934438, 13.522109237251529], [76.30045695592383, 13.522234114412925], [76.30122067999042, 13.522972963231725], [76.30123264097364, 13.522984534808472], [76.30123267874518, 13.52298456808342], [76.30334292713445, 13.524639264890197], [76.30334296580526, 13.5246393008631], [76.304908432778, 13.5243849411122], [76.30595275341688, 13.524215277712926], [76.3061645293696, 13.524762449527485], [76.30665422641147, 13.526027753378175], [76.30743274432575, 13.526065455656294], [76.30871882611297, 13.526127727412756], [76.30871887017975, 13.526127731010035], [76.30911633185326, 13.525214967696627], [76.3103588855542, 13.525378711758204], [76.31052504429539, 13.525400609350696], [76.31052508116761, 13.525400612048658], [76.31204923688284, 13.525464281351558], [76.31166552764205, 13.526788374783733], [76.31125387556597, 13.528785800524304], [76.31125960514674, 13.529294034392253], [76.31126743554375, 13.529992485664708], [76.31190412857273, 13.530191712477574], [76.31238051654765, 13.530340801187092], [76.31272861983001, 13.530598159277698], [76.31304088602815, 13.530829038629292], [76.31372889527233, 13.53165174203434], [76.31556259943449, 13.531715481484353], [76.31568361850424, 13.532191271410115], [76.31588561882631, 13.532985504077827], [76.31614844749294, 13.534797833153505], [76.31600002787906, 13.537215650581857], [76.31596014204695, 13.539789899684193], [76.31676635908025, 13.539811998724813], [76.31746243524327, 13.539831079640631], [76.31783845258258, 13.53803471353126], [76.31825888833708, 13.536655807319672], [76.32146899050156, 13.537352550779643], [76.32182040598701, 13.535721148212474], [76.32221803943105, 13.533931550400778], [76.32275889530683, 13.532029030115725], [76.32302734833354, 13.531034231544593], [76.32315648198613, 13.530555765236441], [76.32439007394282, 13.528883912062952], [76.32439010451975, 13.52888387249277], [76.3260347630939, 13.526827322622866], [76.32603480086544, 13.526827274958805], [76.32621548275836, 13.52660125284558], [76.32638715973968, 13.526386569384726], [76.3274697564242, 13.524974363076465], [76.32870103712321, 13.523341482923168], [76.32914466099737, 13.52285237763516], [76.3291446825811, 13.522852353353471], [76.32920219872256, 13.522788944853971], [76.32973946540409, 13.522196602791041], [76.33082503884452, 13.521410436142789], [76.33247015697225, 13.520099890997244], [76.33452115262912, 13.518527513633899], [76.3376852832493, 13.516593769786706], [76.34007335020499, 13.515193144947713], [76.34235977668243, 13.513778925956727], [76.34574520527707, 13.513896895425432], [76.34710748841991, 13.51575453144653], [76.34830814180737, 13.51722343641251], [76.34830816968633, 13.517223475083371], [76.34827767007846, 13.517944633338232], [76.34824797536385, 13.518647074003296], [76.34836315963219, 13.520979077222702], [76.34839054938442, 13.523767529547907], [76.34841517372132, 13.524373099738794], [76.34846423983288, 13.525579768691443], [76.34846424073221, 13.52557980376497], [76.35044111786334, 13.525498685815759], [76.35117583969333, 13.525536150672847], [76.35159582398813, 13.525557564430132], [76.35254554224304, 13.525758153715854], [76.35318006430856, 13.52589215809667], [76.35320763302587, 13.527333845980248], [76.35320766720014, 13.527333853174808], [76.3561266741068, 13.528459446446336], [76.36049607883103, 13.529797525235665], [76.36140917669223, 13.530114810550113], [76.36269464154452, 13.530561457944998], [76.36269464783976, 13.530561495716485], [76.36274641281676, 13.531189751306044], [76.36287004261847, 13.53269008937616], [76.36300316836162, 13.534504159539383], [76.36309158970516, 13.535709036143144], [76.363118294174, 13.536310710470955], [76.36315617901448, 13.537164275910639], [76.36323988521258, 13.537752886686404], [76.36333163674567, 13.538398072013475], [76.36342856297784, 13.53985327670739], [76.36342856387716, 13.539853311780975], [76.36351624417938, 13.5413582642725], [76.36359470103469, 13.54266888316249], [76.36365467502327, 13.544209944333486], [76.36365467502327, 13.544209987500947], [76.36372850756464, 13.545552255332378], [76.36387624009649, 13.547179179275757], [76.36387624009649, 13.547179219745258], [76.36632444022081, 13.547477630088624], [76.37018151916186, 13.547988480084312], [76.37235262107669, 13.545602322389298]]]}}]}